name,url
ABIT- AN9 32X Motherboard,https://www.kingston.com/en/memory/search/model/36475/abit-an9-32x-motherboard
ABIT- AB9 Wi-Fi Motherboard,https://www.kingston.com/en/memory/search/model/56829/abit-ab9-wi-fi-motherboard
ABIT- IP35P Motherboard,https://www.kingston.com/en/memory/search/model/56830/abit-ip35p-motherboard
ABIT- AN78GV Motherboard,https://www.kingston.com/en/memory/search/model/56832/abit-an78gv-motherboard
ABIT- A-S78H Motherboard,https://www.kingston.com/en/memory/search/model/54393/abit-a-s78h-motherboard
ABIT- IX48 GT3 Motherboard,https://www.kingston.com/en/memory/search/model/52707/abit-ix48-gt3-motherboard
ABIT- IP43 Motherboard,https://www.kingston.com/en/memory/search/model/52708/abit-ip43-motherboard
ABIT- AN78GS Motherboard,https://www.kingston.com/en/memory/search/model/49199/abit-an78gs-motherboard
ABIT- NF-M2PV Motherboard,https://www.kingston.com/en/memory/search/model/49201/abit-nf-m2pv-motherboard
ABIT- IP45 Pro Motherboard,https://www.kingston.com/en/memory/search/model/49004/abit-ip45-pro-motherboard
ABIT- IP35 Pro XE Motherboard,https://www.kingston.com/en/memory/search/model/47738/abit-ip35-pro-xe-motherboard
ABIT- I-G31 Motherboard,https://www.kingston.com/en/memory/search/model/47415/abit-i-g31-motherboard
ABIT- I-S71 Motherboard,https://www.kingston.com/en/memory/search/model/47446/abit-i-s71-motherboard
ABIT- AN-M2 Motherboard,https://www.kingston.com/en/memory/search/model/45869/abit-an-m2-motherboard
ABIT- I-N73V Motherboard,https://www.kingston.com/en/memory/search/model/44428/abit-i-n73v-motherboard
ABIT- I-45CV Motherboard,https://www.kingston.com/en/memory/search/model/44431/abit-i-45cv-motherboard
ABIT- AN68SD Motherboard,https://www.kingston.com/en/memory/search/model/43655/abit-an68sd-motherboard
ABIT- IP35V Motherboard,https://www.kingston.com/en/memory/search/model/43049/abit-ip35v-motherboard
ABIT- I-45D Motherboard,https://www.kingston.com/en/memory/search/model/43050/abit-i-45d-motherboard
ABIT- AX78 Motherboard,https://www.kingston.com/en/memory/search/model/43051/abit-ax78-motherboard
ABIT- AN52 V2.0 Motherboard,https://www.kingston.com/en/memory/search/model/43052/abit-an52-v2-0-motherboard
ABIT- AN52V Motherboard,https://www.kingston.com/en/memory/search/model/42808/abit-an52v-motherboard
ABIT- A-N68SV Motherboard,https://www.kingston.com/en/memory/search/model/42687/abit-a-n68sv-motherboard
ABIT- I-N73H Motherboard,https://www.kingston.com/en/memory/search/model/42703/abit-i-n73h-motherboard
ABIT- I-N73HD Motherboard,https://www.kingston.com/en/memory/search/model/42704/abit-i-n73hd-motherboard
ABIT- IX38 QuadGT Motherboard,https://www.kingston.com/en/memory/search/model/41854/abit-ix38-quadgt-motherboard
ABIT- I-45C Motherboard,https://www.kingston.com/en/memory/search/model/41879/abit-i-45c-motherboard
ABIT- AN52S Motherboard,https://www.kingston.com/en/memory/search/model/40326/abit-an52s-motherboard
ABIT- LG-95 Motherboard,https://www.kingston.com/en/memory/search/model/39679/abit-lg-95-motherboard
ABIT- LG-95C Motherboard,https://www.kingston.com/en/memory/search/model/38714/abit-lg-95c-motherboard
ABIT- AN-M2 NVIEW Motherboard,https://www.kingston.com/en/memory/search/model/38716/abit-an-m2-nview-motherboard
ABIT- AN-M2HD Motherboard,https://www.kingston.com/en/memory/search/model/38717/abit-an-m2hd-motherboard
ABIT- AN52 Motherboard,https://www.kingston.com/en/memory/search/model/38718/abit-an52-motherboard
ABIT- NF-M2SV Motherboard,https://www.kingston.com/en/memory/search/model/38719/abit-nf-m2sv-motherboard
ABIT- IP35 Pro Motherboard,https://www.kingston.com/en/memory/search/model/37907/abit-ip35-pro-motherboard
ABIT- IP35 Motherboard,https://www.kingston.com/en/memory/search/model/37908/abit-ip35-motherboard
ABIT- IP35-E Motherboard,https://www.kingston.com/en/memory/search/model/37909/abit-ip35-e-motherboard
ABIT- AN9 32XF Motherboard,https://www.kingston.com/en/memory/search/model/36893/abit-an9-32xf-motherboard
ABIT- Fatal1ty  F-I90HD Motherboard,https://www.kingston.com/en/memory/search/model/36233/abit-fatal1ty-f-i90hd-motherboard
ABIT- Fatal1ty FP-IN9 SLI Motherboard,https://www.kingston.com/en/memory/search/model/35578/abit-fatal1ty-fp-in9-sli-motherboard
ABIT- LG-95Z Motherboard,https://www.kingston.com/en/memory/search/model/35407/abit-lg-95z-motherboard
ABIT- IL9 Pro Motherboard,https://www.kingston.com/en/memory/search/model/33763/abit-il9-pro-motherboard
ABIT- IP-95 Motherboard,https://www.kingston.com/en/memory/search/model/34623/abit-ip-95-motherboard
ABIT- AB9 QuadGT Motherboard,https://www.kingston.com/en/memory/search/model/34559/abit-ab9-quadgt-motherboard
ABIT- IB9 Motherboard,https://www.kingston.com/en/memory/search/model/34311/abit-ib9-motherboard
ABIT- NF-M2S Motherboard,https://www.kingston.com/en/memory/search/model/33779/abit-nf-m2s-motherboard
ABIT- NF-M2P Motherboard,https://www.kingston.com/en/memory/search/model/33766/abit-nf-m2p-motherboard
ABIT- IN9 32X-MAX Motherboard,https://www.kingston.com/en/memory/search/model/33550/abit-in9-32x-max-motherboard
ABIT- AW9D-MAX Motherboard,https://www.kingston.com/en/memory/search/model/32320/abit-aw9d-max-motherboard
ABIT- NF-M2 nView Motherboard,https://www.kingston.com/en/memory/search/model/33077/abit-nf-m2-nview-motherboard
ABIT- AW9D Motherboard,https://www.kingston.com/en/memory/search/model/32321/abit-aw9d-motherboard
ABIT- AB9 Motherboard,https://www.kingston.com/en/memory/search/model/32497/abit-ab9-motherboard
ABIT- iL-90MV Motherboard,https://www.kingston.com/en/memory/search/model/32322/abit-il-90mv-motherboard
ABIT- SG-95 Motherboard,https://www.kingston.com/en/memory/search/model/32323/abit-sg-95-motherboard
ABIT- KN8 Ultra-SOTES Motherboard,https://www.kingston.com/en/memory/search/model/32324/abit-kn8-ultra-sotes-motherboard
ABIT- SG-80DC Motherboard,https://www.kingston.com/en/memory/search/model/31104/abit-sg-80dc-motherboard
ABIT- KN9 Motherboard,https://www.kingston.com/en/memory/search/model/31036/abit-kn9-motherboard
ABIT- Fatal1ty AN9 32X Motherboard,https://www.kingston.com/en/memory/search/model/30543/abit-fatal1ty-an9-32x-motherboard
ABIT- KN9 SLI Motherboard,https://www.kingston.com/en/memory/search/model/30544/abit-kn9-sli-motherboard
ABIT- IS-85 Motherboard,https://www.kingston.com/en/memory/search/model/30545/abit-is-85-motherboard
ABIT- KN9 Ultra Motherboard,https://www.kingston.com/en/memory/search/model/30546/abit-kn9-ultra-motherboard
ABIT- NF-95 Motherboard,https://www.kingston.com/en/memory/search/model/29916/abit-nf-95-motherboard
ABIT- AW8D Motherboard,https://www.kingston.com/en/memory/search/model/29919/abit-aw8d-motherboard
ABIT- NV8 Motherboard,https://www.kingston.com/en/memory/search/model/25885/abit-nv8-motherboard
ABIT- NF8-V Pro Motherboard,https://www.kingston.com/en/memory/search/model/25886/abit-nf8-v-pro-motherboard
ABIT- NI8-SLI GR Motherboard,https://www.kingston.com/en/memory/search/model/25196/abit-ni8-sli-gr-motherboard
ABIT- LP-80 Motherboard,https://www.kingston.com/en/memory/search/model/24317/abit-lp-80-motherboard
ABIT- LP-81 Motherboard,https://www.kingston.com/en/memory/search/model/24319/abit-lp-81-motherboard
ABIT- LG-80 Motherboard,https://www.kingston.com/en/memory/search/model/24321/abit-lg-80-motherboard
ABIT- NF8-V2 Motherboard,https://www.kingston.com/en/memory/search/model/24322/abit-nf8-v2-motherboard
ABIT- LG-81 Motherboard,https://www.kingston.com/en/memory/search/model/24178/abit-lg-81-motherboard
ABIT- NI8 SLI Motherboard,https://www.kingston.com/en/memory/search/model/24057/abit-ni8-sli-motherboard
ABIT- NF8-V Motherboard,https://www.kingston.com/en/memory/search/model/21508/abit-nf8-v-motherboard
ABIT- AA8XE Motherboard,https://www.kingston.com/en/memory/search/model/20369/abit-aa8xe-motherboard
ABIT- NF8 Motherboard,https://www.kingston.com/en/memory/search/model/20375/abit-nf8-motherboard
ABIT- KW7 Motherboard,https://www.kingston.com/en/memory/search/model/20376/abit-kw7-motherboard
ABIT- AA8XE-3rd Eye Motherboard,https://www.kingston.com/en/memory/search/model/21084/abit-aa8xe-3rd-eye-motherboard
ABIT- KV7-V Motherboard,https://www.kingston.com/en/memory/search/model/21085/abit-kv7-v-motherboard
ABIT- KW7-G Motherboard,https://www.kingston.com/en/memory/search/model/21087/abit-kw7-g-motherboard
ABIT- KV8 Pro-3rd Eye Motherboard,https://www.kingston.com/en/memory/search/model/19988/abit-kv8-pro-3rd-eye-motherboard
ABIT- SC-1P Motherboard,https://www.kingston.com/en/memory/search/model/19641/abit-sc-1p-motherboard
ABIT- NF7-S2G Motherboard,https://www.kingston.com/en/memory/search/model/19501/abit-nf7-s2g-motherboard
ABIT- NF7-S2 Motherboard,https://www.kingston.com/en/memory/search/model/19502/abit-nf7-s2-motherboard
ABIT- AA8-3rd Eye Motherboard,https://www.kingston.com/en/memory/search/model/19459/abit-aa8-3rd-eye-motherboard
ABIT- AA8 DuraMax Motherboard,https://www.kingston.com/en/memory/search/model/19207/abit-aa8-duramax-motherboard
ABIT- KV8 Motherboard,https://www.kingston.com/en/memory/search/model/19079/abit-kv8-motherboard
ABIT- KV8 Pro Motherboard,https://www.kingston.com/en/memory/search/model/18500/abit-kv8-pro-motherboard
ABIT- KV8-MAX3 Motherboard,https://www.kingston.com/en/memory/search/model/16996/abit-kv8-max3-motherboard
ABIT- NF7-S (version 1.0) Motherboard,https://www.kingston.com/en/memory/search/model/16951/abit-nf7-s-version-1-0-motherboard
ABIT- NF7-S (version 2.0) Motherboard,https://www.kingston.com/en/memory/search/model/16960/abit-nf7-s-version-2-0-motherboard
ABIT- KV7 Motherboard,https://www.kingston.com/en/memory/search/model/16549/abit-kv7-motherboard
ABIT- SI-2Ns443 Motherboard,https://www.kingston.com/en/memory/search/discontinuedmodel/20050/abit-si-2ns443-motherboard
ABIT- A-N78HD Motherboard,https://www.kingston.com/en/memory/search/discontinuedmodel/47750/abit-a-n78hd-motherboard
ABIT- AB9 Pro Motherboard,https://www.kingston.com/en/memory/search/discontinuedmodel/31357/abit-ab9-pro-motherboard
ABIT- KN9S Motherboard,https://www.kingston.com/en/memory/search/discontinuedmodel/30547/abit-kn9s-motherboard
ABIT- SG-81 Motherboard,https://www.kingston.com/en/memory/search/discontinuedmodel/29899/abit-sg-81-motherboard
ABIT- AT8 32X Motherboard,https://www.kingston.com/en/memory/search/discontinuedmodel/29904/abit-at8-32x-motherboard
ABIT- GD8 Pro Motherboard,https://www.kingston.com/en/memory/search/discontinuedmodel/26042/abit-gd8-pro-motherboard
ABIT- IL8 Motherboard,https://www.kingston.com/en/memory/search/discontinuedmodel/26053/abit-il8-motherboard
ABIT- AN8 32X Motherboard,https://www.kingston.com/en/memory/search/discontinuedmodel/25890/abit-an8-32x-motherboard
ABIT- UL8 Motherboard,https://www.kingston.com/en/memory/search/discontinuedmodel/25888/abit-ul8-motherboard
ABIT- AT8 Motherboard,https://www.kingston.com/en/memory/search/discontinuedmodel/25872/abit-at8-motherboard
ABIT- KV-85 Motherboard,https://www.kingston.com/en/memory/search/discontinuedmodel/25515/abit-kv-85-motherboard
ABIT- AW8-MAX 3rd Eye II Motherboard,https://www.kingston.com/en/memory/search/discontinuedmodel/25194/abit-aw8-max-3rd-eye-ii-motherboard
ABIT- AL8-3rd Eye II Motherboard,https://www.kingston.com/en/memory/search/discontinuedmodel/25195/abit-al8-3rd-eye-ii-motherboard
ABIT- KN8 Motherboard,https://www.kingston.com/en/memory/search/discontinuedmodel/25197/abit-kn8-motherboard
ABIT- KN8 Ultra Motherboard,https://www.kingston.com/en/memory/search/discontinuedmodel/25198/abit-kn8-ultra-motherboard
ABIT- KN8 SLI Motherboard,https://www.kingston.com/en/memory/search/discontinuedmodel/25199/abit-kn8-sli-motherboard
ABIT- IS7-E2G Motherboard,https://www.kingston.com/en/memory/search/discontinuedmodel/25200/abit-is7-e2g-motherboard
ABIT- AX8 (version 2.0) Motherboard,https://www.kingston.com/en/memory/search/discontinuedmodel/25181/abit-ax8-version-2-0-motherboard
ABIT- AL8 Motherboard,https://www.kingston.com/en/memory/search/discontinuedmodel/24052/abit-al8-motherboard
ABIT- AL8-V Motherboard,https://www.kingston.com/en/memory/search/discontinuedmodel/24053/abit-al8-v-motherboard
ABIT- AW8 Motherboard,https://www.kingston.com/en/memory/search/discontinuedmodel/24054/abit-aw8-motherboard
ABIT- AN8 V2.0 Motherboard,https://www.kingston.com/en/memory/search/discontinuedmodel/24056/abit-an8-v2-0-motherboard
ABIT- VG7 Motherboard,https://www.kingston.com/en/memory/search/discontinuedmodel/19215/abit-vg7-motherboard
ABIT- SV-1A Motherboard,https://www.kingston.com/en/memory/search/discontinuedmodel/23764/abit-sv-1a-motherboard
ABIT- SG-80 Motherboard,https://www.kingston.com/en/memory/search/discontinuedmodel/23561/abit-sg-80-motherboard
ABIT- AN8 SLi Motherboard,https://www.kingston.com/en/memory/search/discontinuedmodel/23537/abit-an8-sli-motherboard
ABIT- AW8-MAX Motherboard,https://www.kingston.com/en/memory/search/discontinuedmodel/23539/abit-aw8-max-motherboard
ABIT- AN8 Ultra Motherboard,https://www.kingston.com/en/memory/search/discontinuedmodel/23560/abit-an8-ultra-motherboard
ABIT- Fatal1ty AN8 SLi Motherboard,https://www.kingston.com/en/memory/search/discontinuedmodel/23280/abit-fatal1ty-an8-sli-motherboard
ABIT- KU8 Motherboard,https://www.kingston.com/en/memory/search/discontinuedmodel/23167/abit-ku8-motherboard
ABIT- GD8 Motherboard,https://www.kingston.com/en/memory/search/discontinuedmodel/20368/abit-gd8-motherboard
ABIT- GD8-M Motherboard,https://www.kingston.com/en/memory/search/discontinuedmodel/22710/abit-gd8-m-motherboard
ABIT- GD8-MV Motherboard,https://www.kingston.com/en/memory/search/discontinuedmodel/22712/abit-gd8-mv-motherboard
ABIT- GD8-V Motherboard,https://www.kingston.com/en/memory/search/discontinuedmodel/22713/abit-gd8-v-motherboard
ABIT- AN8-V Motherboard,https://www.kingston.com/en/memory/search/discontinuedmodel/22716/abit-an8-v-motherboard
ABIT- AN8-3rd Eye Motherboard,https://www.kingston.com/en/memory/search/discontinuedmodel/22717/abit-an8-3rd-eye-motherboard
ABIT- Fatal1ty AN8 Motherboard,https://www.kingston.com/en/memory/search/discontinuedmodel/19487/abit-fatal1ty-an8-motherboard
ABIT- AN8 Motherboard,https://www.kingston.com/en/memory/search/discontinuedmodel/22328/abit-an8-motherboard
ABIT- AX8-3rd Eye Motherboard,https://www.kingston.com/en/memory/search/discontinuedmodel/21634/abit-ax8-3rd-eye-motherboard
ABIT- AX8-V Motherboard,https://www.kingston.com/en/memory/search/discontinuedmodel/21635/abit-ax8-v-motherboard
ABIT- IG-81 Motherboard,https://www.kingston.com/en/memory/search/discontinuedmodel/20371/abit-ig-81-motherboard
ABIT- KV-80 Motherboard,https://www.kingston.com/en/memory/search/discontinuedmodel/20379/abit-kv-80-motherboard
ABIT- VA-20 Motherboard,https://www.kingston.com/en/memory/search/discontinuedmodel/20381/abit-va-20-motherboard
ABIT- Fatal1ty-AA8XE Motherboard,https://www.kingston.com/en/memory/search/discontinuedmodel/20367/abit-fatal1ty-aa8xe-motherboard
ABIT- IG-80 Motherboard,https://www.kingston.com/en/memory/search/discontinuedmodel/20370/abit-ig-80-motherboard
ABIT- SU-2S Motherboard,https://www.kingston.com/en/memory/search/discontinuedmodel/20517/abit-su-2s-motherboard
ABIT- AX8 Motherboard,https://www.kingston.com/en/memory/search/discontinuedmodel/20435/abit-ax8-motherboard
ABIT- SI-1Ns60 Motherboard,https://www.kingston.com/en/memory/search/discontinuedmodel/20046/abit-si-1ns60-motherboard
ABIT- AS8-V Motherboard,https://www.kingston.com/en/memory/search/discontinuedmodel/19976/abit-as8-v-motherboard
ABIT- AS8-3rd Eye Motherboard,https://www.kingston.com/en/memory/search/discontinuedmodel/19977/abit-as8-3rd-eye-motherboard
ABIT- AG8-V Motherboard,https://www.kingston.com/en/memory/search/discontinuedmodel/19628/abit-ag8-v-motherboard
ABIT- SI-2Ps Motherboard,https://www.kingston.com/en/memory/search/discontinuedmodel/19629/abit-si-2ps-motherboard
ABIT- WI-1P Motherboard,https://www.kingston.com/en/memory/search/discontinuedmodel/19500/abit-wi-1p-motherboard
ABIT- SI-Ns60 Motherboard,https://www.kingston.com/en/memory/search/discontinuedmodel/19488/abit-si-ns60-motherboard
ABIT- AV8-3rd Eye Motherboard,https://www.kingston.com/en/memory/search/discontinuedmodel/19457/abit-av8-3rd-eye-motherboard
ABIT- AG8-3rd Eye Motherboard,https://www.kingston.com/en/memory/search/discontinuedmodel/19458/abit-ag8-3rd-eye-motherboard
ABIT- AV8 Motherboard,https://www.kingston.com/en/memory/search/discontinuedmodel/19394/abit-av8-motherboard
ABIT- AG8 Motherboard,https://www.kingston.com/en/memory/search/discontinuedmodel/19208/abit-ag8-motherboard
ABIT- AG8 Pro Motherboard,https://www.kingston.com/en/memory/search/discontinuedmodel/19209/abit-ag8-pro-motherboard
ABIT- AS8 Motherboard,https://www.kingston.com/en/memory/search/discontinuedmodel/19080/abit-as8-motherboard
ABIT- VT7 Motherboard,https://www.kingston.com/en/memory/search/discontinuedmodel/17493/abit-vt7-motherboard
ABIT- IS-20 Motherboard,https://www.kingston.com/en/memory/search/discontinuedmodel/18476/abit-is-20-motherboard
ABIT- IS7-V2 Motherboard,https://www.kingston.com/en/memory/search/discontinuedmodel/18477/abit-is7-v2-motherboard
ABIT- IS7-E2 Motherboard,https://www.kingston.com/en/memory/search/discontinuedmodel/17673/abit-is7-e2-motherboard
ABIT- SG-72 Motherboard,https://www.kingston.com/en/memory/search/discontinuedmodel/17674/abit-sg-72-motherboard
ABIT- IB-10 Motherboard,https://www.kingston.com/en/memory/search/discontinuedmodel/17428/abit-ib-10-motherboard
ABIT- IB-11 Motherboard,https://www.kingston.com/en/memory/search/discontinuedmodel/17430/abit-ib-11-motherboard
ABIT- AN7 Motherboard,https://www.kingston.com/en/memory/search/discontinuedmodel/17236/abit-an7-motherboard
ABIT- VA-10 Motherboard,https://www.kingston.com/en/memory/search/discontinuedmodel/17151/abit-va-10-motherboard
ABIT- VA-11 Motherboard,https://www.kingston.com/en/memory/search/discontinuedmodel/17152/abit-va-11-motherboard
ABIT- BH-71 Motherboard,https://www.kingston.com/en/memory/search/discontinuedmodel/17154/abit-bh-71-motherboard
ABIT- BD7III Motherboard,https://www.kingston.com/en/memory/search/discontinuedmodel/17155/abit-bd7iii-motherboard
ABIT- KD7A Motherboard,https://www.kingston.com/en/memory/search/discontinuedmodel/17156/abit-kd7a-motherboard
ABIT- IS7-V Motherboard,https://www.kingston.com/en/memory/search/discontinuedmodel/16998/abit-is7-v-motherboard
ABIT- IS-10 Motherboard,https://www.kingston.com/en/memory/search/discontinuedmodel/16834/abit-is-10-motherboard
ABIT- IS-11 Motherboard,https://www.kingston.com/en/memory/search/discontinuedmodel/16836/abit-is-11-motherboard
ABIT- IS-12 Motherboard,https://www.kingston.com/en/memory/search/discontinuedmodel/16837/abit-is-12-motherboard
ABIT- AI7 Motherboard,https://www.kingston.com/en/memory/search/discontinuedmodel/16843/abit-ai7-motherboard
ABIT- IC7-MAX3 Motherboard,https://www.kingston.com/en/memory/search/discontinuedmodel/16845/abit-ic7-max3-motherboard
ABIT- DiGiDice Mini PC,https://www.kingston.com/en/memory/search/discontinuedmodel/16631/abit-digidice-mini-pc
ABIT- VI7 Motherboard,https://www.kingston.com/en/memory/search/discontinuedmodel/16620/abit-vi7-motherboard
ABIT- IS7-M Motherboard,https://www.kingston.com/en/memory/search/discontinuedmodel/16547/abit-is7-m-motherboard
ABIT- AB-5200 Server,https://www.kingston.com/en/memory/search/discontinuedmodel/16024/abit-ab-5200-server
ABIT- AB-5250 Server,https://www.kingston.com/en/memory/search/discontinuedmodel/16025/abit-ab-5250-server
ABIT- KT7E Motherboard,https://www.kingston.com/en/memory/search/discontinuedmodel/15662/abit-kt7e-motherboard
ABIT- SD7-533 Motherboard,https://www.kingston.com/en/memory/search/discontinuedmodel/15663/abit-sd7-533-motherboard
ABIT- BH7-E Motherboard,https://www.kingston.com/en/memory/search/discontinuedmodel/15664/abit-bh7-e-motherboard
ABIT- IS7/IS7-E Motherboards,https://www.kingston.com/en/memory/search/discontinuedmodel/15665/abit-is7-is7-e-motherboards
ABIT- BD7-E Motherboard,https://www.kingston.com/en/memory/search/discontinuedmodel/15666/abit-bd7-e-motherboard
ABIT- IS7-G Motherboard,https://www.kingston.com/en/memory/search/discontinuedmodel/15423/abit-is7-g-motherboard
ABIT- SI-1Ns Motherboard,https://www.kingston.com/en/memory/search/discontinuedmodel/15546/abit-si-1ns-motherboard
ABIT- IC7 Motherboard,https://www.kingston.com/en/memory/search/discontinuedmodel/15421/abit-ic7-motherboard
ABIT- IC7-G Motherboard,https://www.kingston.com/en/memory/search/discontinuedmodel/14736/abit-ic7-g-motherboard
ABIT- BH7 Motherboard,https://www.kingston.com/en/memory/search/discontinuedmodel/14379/abit-bh7-motherboard
ABIT- VH6-II Motherboard,https://www.kingston.com/en/memory/search/discontinuedmodel/13840/abit-vh6-ii-motherboard
ABIT- ST6/ST6-RAID Motherboard,https://www.kingston.com/en/memory/search/discontinuedmodel/13841/abit-st6-st6-raid-motherboard
ABIT- SA6 Motherboard,https://www.kingston.com/en/memory/search/discontinuedmodel/13842/abit-sa6-motherboard
ABIT- BE7-B/BE7-G/BE7-S Motherboard,https://www.kingston.com/en/memory/search/discontinuedmodel/13843/abit-be7-b-be7-g-be7-s-motherboard
ABIT- SI-2P+ Motherboard,https://www.kingston.com/en/memory/search/discontinuedmodel/13844/abit-si-2p-motherboard
ABIT- SI-2Pa Motherboard,https://www.kingston.com/en/memory/search/discontinuedmodel/13845/abit-si-2pa-motherboard
ABIT- SI-1N/SI-1Na Motherboard,https://www.kingston.com/en/memory/search/discontinuedmodel/13846/abit-si-1n-si-1na-motherboard
ABIT- KR7A-133 Motherboard,https://www.kingston.com/en/memory/search/discontinuedmodel/13847/abit-kr7a-133-motherboard
ABIT- KD7-B/KD7-G/KD7-S Motherboard,https://www.kingston.com/en/memory/search/discontinuedmodel/13848/abit-kd7-b-kd7-g-kd7-s-motherboard
ABIT- VH6T Motherboard,https://www.kingston.com/en/memory/search/discontinuedmodel/13627/abit-vh6t-motherboard
ABIT- IT7-MAX2 V2.0 Motherboard,https://www.kingston.com/en/memory/search/discontinuedmodel/13615/abit-it7-max2-v2-0-motherboard
ABIT- KT7A Motherboard,https://www.kingston.com/en/memory/search/discontinuedmodel/13476/abit-kt7a-motherboard
ABIT- KT7A-RAID Motherboard,https://www.kingston.com/en/memory/search/discontinuedmodel/13477/abit-kt7a-raid-motherboard
ABIT- WI-2P/WI-2Pa Motherboard,https://www.kingston.com/en/memory/search/discontinuedmodel/13438/abit-wi-2p-wi-2pa-motherboard
ABIT- SI-2P Motherboard,https://www.kingston.com/en/memory/search/discontinuedmodel/13439/abit-si-2p-motherboard
ABIT- NF7/NF7-M Motherboard,https://www.kingston.com/en/memory/search/discontinuedmodel/13232/abit-nf7-nf7-m-motherboard
ABIT- NV7-133R Motherboard,https://www.kingston.com/en/memory/search/discontinuedmodel/13233/abit-nv7-133r-motherboard
ABIT- KX7-333/KX7-333R Motherboard,https://www.kingston.com/en/memory/search/discontinuedmodel/13234/abit-kx7-333-kx7-333r-motherboard
ABIT- AT7 MAX2/XP Motherboard,https://www.kingston.com/en/memory/search/discontinuedmodel/13235/abit-at7-max2-xp-motherboard
ABIT- KD7-E Motherboard,https://www.kingston.com/en/memory/search/discontinuedmodel/13236/abit-kd7-e-motherboard
ABIT- SG-71 Motherboard,https://www.kingston.com/en/memory/search/discontinuedmodel/13217/abit-sg-71-motherboard
ABIT- BD7/BD7m/BD7-RAID Motherboard,https://www.kingston.com/en/memory/search/discontinuedmodel/13219/abit-bd7-bd7m-bd7-raid-motherboard
ABIT- BG-71 Motherboard,https://www.kingston.com/en/memory/search/discontinuedmodel/13220/abit-bg-71-motherboard
ABIT- KG7-Lite Motherboard,https://www.kingston.com/en/memory/search/discontinuedmodel/13221/abit-kg7-lite-motherboard
ABIT- IT7-MAX2 / IT7-MAX2/XP,https://www.kingston.com/en/memory/search/discontinuedmodel/13222/abit-it7-max2-it7-max2-xp
ABIT- BG7E Motherboard,https://www.kingston.com/en/memory/search/discontinuedmodel/13223/abit-bg7e-motherboard
ABIT- BE7/BE7-RAID Motherboard,https://www.kingston.com/en/memory/search/discontinuedmodel/13224/abit-be7-be7-raid-motherboard
ABIT- SR7-8X Motherboard,https://www.kingston.com/en/memory/search/discontinuedmodel/13225/abit-sr7-8x-motherboard
ABIT- SA7 Motherboard,https://www.kingston.com/en/memory/search/discontinuedmodel/13226/abit-sa7-motherboard
ABIT- KR7A Motherboard,https://www.kingston.com/en/memory/search/discontinuedmodel/13227/abit-kr7a-motherboard
ABIT- NV7m Motherboard,https://www.kingston.com/en/memory/search/discontinuedmodel/13228/abit-nv7m-motherboard
ABIT- TH7II-RAID/TH7II Motherboard,https://www.kingston.com/en/memory/search/discontinuedmodel/13229/abit-th7ii-raid-th7ii-motherboard
ABIT- AT7 MAX2 Motherboard,https://www.kingston.com/en/memory/search/discontinuedmodel/12911/abit-at7-max2-motherboard
ABIT- KD7/KD7-RAID Motherboard,https://www.kingston.com/en/memory/search/discontinuedmodel/12912/abit-kd7-kd7-raid-motherboard
ABIT- AT7 Motherboard,https://www.kingston.com/en/memory/search/discontinuedmodel/12337/abit-at7-motherboard
ABIT- BD7II/ BD7II RAID Motherboard,https://www.kingston.com/en/memory/search/discontinuedmodel/12267/abit-bd7ii-bd7ii-raid-motherboard
ABIT- BG7 Motherboard,https://www.kingston.com/en/memory/search/discontinuedmodel/12269/abit-bg7-motherboard
ABIT- IT7 Motherboard,https://www.kingston.com/en/memory/search/discontinuedmodel/12270/abit-it7-motherboard
ABIT- KR7A-133R (ATA133) Motherboard,https://www.kingston.com/en/memory/search/discontinuedmodel/12220/abit-kr7a-133r-ata133-motherboard
ABIT- BW7/BW7-RAID/BL7/BL7-RAID Motherboards,https://www.kingston.com/en/memory/search/discontinuedmodel/11403/abit-bw7-bw7-raid-bl7-bl7-raid-motherboards
ABIT- KR7A - RAID Motherboard,https://www.kingston.com/en/memory/search/discontinuedmodel/11439/abit-kr7a-raid-motherboard
ABIT- KG7/KG7-RAID Motherboard,https://www.kingston.com/en/memory/search/discontinuedmodel/11160/abit-kg7-kg7-raid-motherboard
ABIT- TH7/TH7-RAID Motherboard,https://www.kingston.com/en/memory/search/discontinuedmodel/10777/abit-th7-th7-raid-motherboard
ABIT- BE6-II V2.0 Motherboard,https://www.kingston.com/en/memory/search/discontinuedmodel/9777/abit-be6-ii-v2-0-motherboard
ABIT- BX133-RAID Motherboard,https://www.kingston.com/en/memory/search/discontinuedmodel/9778/abit-bx133-raid-motherboard
ABIT- BE6 Motherboard,https://www.kingston.com/en/memory/search/discontinuedmodel/9779/abit-be6-motherboard
ABIT- BF6 Motherboard,https://www.kingston.com/en/memory/search/discontinuedmodel/9780/abit-bf6-motherboard
ABIT- BP6 Motherboard,https://www.kingston.com/en/memory/search/discontinuedmodel/9781/abit-bp6-motherboard
ABIT- ZM6 Motherboard,https://www.kingston.com/en/memory/search/discontinuedmodel/9782/abit-zm6-motherboard
ABIT- BM6 Motherboard,https://www.kingston.com/en/memory/search/discontinuedmodel/9783/abit-bm6-motherboard
ABIT- BH6 Motherboard,https://www.kingston.com/en/memory/search/discontinuedmodel/9784/abit-bh6-motherboard
ABIT- VH6 Motherboard,https://www.kingston.com/en/memory/search/discontinuedmodel/9785/abit-vh6-motherboard
ABIT- SE6 Motherboard,https://www.kingston.com/en/memory/search/discontinuedmodel/9786/abit-se6-motherboard
ABIT- LX6 Motherboard,https://www.kingston.com/en/memory/search/discontinuedmodel/9787/abit-lx6-motherboard
ABIT- KA7 Motherboard,https://www.kingston.com/en/memory/search/discontinuedmodel/9788/abit-ka7-motherboard
ABIT- VT6X4 Motherboard,https://www.kingston.com/en/memory/search/discontinuedmodel/9789/abit-vt6x4-motherboard
ABIT- LM6 Motherboard,https://www.kingston.com/en/memory/search/discontinuedmodel/9790/abit-lm6-motherboard
ABIT- WB6 Motherboard,https://www.kingston.com/en/memory/search/discontinuedmodel/9791/abit-wb6-motherboard
ABIT- BE6-II Motherboard,https://www.kingston.com/en/memory/search/discontinuedmodel/9792/abit-be6-ii-motherboard
ABIT- CX6 Motherboard,https://www.kingston.com/en/memory/search/discontinuedmodel/9793/abit-cx6-motherboard
ABIT- WX6 Motherboard,https://www.kingston.com/en/memory/search/discontinuedmodel/10138/abit-wx6-motherboard
ABIT- KA7-100 Motherboard,https://www.kingston.com/en/memory/search/discontinuedmodel/10139/abit-ka7-100-motherboard
ABIT- VP6 Motherboard,https://www.kingston.com/en/memory/search/discontinuedmodel/10140/abit-vp6-motherboard
ABIT- VA6 Motherboard,https://www.kingston.com/en/memory/search/discontinuedmodel/10141/abit-va6-motherboard
ABIT- VL6 Motherboard,https://www.kingston.com/en/memory/search/discontinuedmodel/10142/abit-vl6-motherboard
ABIT- SL6 Motherboard,https://www.kingston.com/en/memory/search/discontinuedmodel/10143/abit-sl6-motherboard
ABIT- BX6 2.0 Motherboard,https://www.kingston.com/en/memory/search/discontinuedmodel/10147/abit-bx6-2-0-motherboard
ABIT- BX6 Motherboard,https://www.kingston.com/en/memory/search/discontinuedmodel/10149/abit-bx6-motherboard
ABIT- AH6 Motherboard,https://www.kingston.com/en/memory/search/discontinuedmodel/10151/abit-ah6-motherboard
ABIT- SA6R Motherboard,https://www.kingston.com/en/memory/search/discontinuedmodel/10152/abit-sa6r-motherboard
ABIT- SH6 Motherboard,https://www.kingston.com/en/memory/search/discontinuedmodel/10153/abit-sh6-motherboard
ABIT- KT7 Motherboard,https://www.kingston.com/en/memory/search/discontinuedmodel/10154/abit-kt7-motherboard
ABIT- KT7-RAID Motherboard,https://www.kingston.com/en/memory/search/discontinuedmodel/10155/abit-kt7-raid-motherboard
