file_name,has_processor,has_processor_description,issue_category,note
Brocade 16Gb Fibre Channel SAN Switch Module for HPE Synergy c04790440.pdf,False,False,NOT_A_COMPUTE_PRODUCT,"No processor-related keyword found anywhere in document (likely a storage/networking/switch product with no CPU section) - expected, not a defect."
Brocade 32Gb Fibre Channel SAN Switch Module for HPE Synergy a00062177enw.pdf,False,False,NOT_A_COMPUTE_PRODUCT,"No processor-related keyword found anywhere in document (likely a storage/networking/switch product with no CPU section) - expected, not a defect."
CacheFS c04168406.pdf,False,False,NOT_A_COMPUTE_PRODUCT,"No processor-related keyword found anywhere in document (likely a storage/networking/switch product with no CPU section) - expected, not a defect."
Compaq ActiveAnswers Thin Client Server Computing c04283425.pdf,False,False,NOT_A_COMPUTE_PRODUCT,"No processor-related keyword found anywhere in document (likely a storage/networking/switch product with no CPU section) - expected, not a defect."
Compaq ActiveAnswers for Microsoft SQL Server for Business Operations QuickSpecs_20260522113343.pdf,False,False,NOT_A_COMPUTE_PRODUCT,"No processor-related keyword found anywhere in document (likely a storage/networking/switch product with no CPU section) - expected, not a defect."
Compaq AlphaServer DS10 (466 MHz) Compaq AlphaStation DS10 (466 MHz) c04282382.pdf,True,True,OK,
Compaq AlphaServer DS10 Compaq AlphaStation DS10 c04282775.pdf,True,True,OK,
Compaq AlphaServer DS10L c04282259.pdf,True,True,OK,
Compaq AlphaServer DS20 (Linux Ready) c04282236.pdf,True,True,OK,
Compaq AlphaServer DS20 c04282157.pdf,True,True,OK,
Compaq AlphaServer DS20E Compaq AlphaStation DS20E c04282246.pdf,True,True,OK,
Compaq AlphaServer ES40 Certified Configuration for Oracle9i Real Application Clusters on TruCluster Server Software c04284692.pdf,True,True,OK,
Compaq AlphaServer ES40 Cluster Base System c04282282.pdf,True,True,OK,
Compaq AlphaServer ES40 Compaq AlphaStation ES40 (Linux Ready) c04282380.pdf,True,True,OK,
Compaq AlphaServer ES40 Compaq AlphaStation ES40 c04282237.pdf,True,True,OK,
Compaq AlphaServer ES45 (Linux Ready) c04282839.pdf,True,True,OK,
Compaq AlphaServer ES45 Certified Configuration for Oracle9i Real Application Clusters on TruCluster Server Software c04284693.pdf,True,True,OK,
Compaq AlphaServer GS140 c04282158.pdf,True,True,OK,
Compaq AlphaServer GS160 (731 MHz) c04282280.pdf,True,True,OK,
Compaq AlphaServer GS320 (731 MHz) c04282281.pdf,True,True,OK,
Compaq AlphaServer GS60E c04282194.pdf,True,True,OK,
Compaq AlphaServer GS80 (731 MHz) c04282289.pdf,True,True,OK,
Compaq AlphaServer TS10 c04282917.pdf,True,True,OK,
Compaq AlphaServer TS20TS40 c04283866.pdf,True,True,OK,
Compaq AlphaStation DS20E (Linux Ready) c04282395.pdf,True,True,OK,
Compaq AlphaStation XP1000 (Linux Ready) c04282444.pdf,True,True,OK,
Compaq AlphaStation XP1000 c04282135.pdf,True,True,OK,
Compaq NeoServer 150 c04324508.pdf,True,True,OK,
Compaq ProLiant 1600 Pentium II Models c04282136.pdf,True,True,OK,
Compaq ProLiant 1600 Pentium III Models c04282137.pdf,True,True,OK,
Compaq ProLiant 1850R Pentium II Models c04282148.pdf,True,True,OK,
Compaq ProLiant 1850R Pentium III c04282149.pdf,True,True,OK,
Compaq ProLiant 3000 4-Way Xeon Server Upgrade QuickSpecs_20260522113423.pdf,True,True,OK,
Compaq ProLiant 3000 Pentium II Models QuickSpecs_20260522113418.pdf,True,True,OK,
Compaq ProLiant 3000 Pentium III QuickSpecs_20260522113644.pdf,True,True,OK,
Compaq ProLiant 400 Pentium II Models c04283528.pdf,True,True,OK,
Compaq ProLiant 400 Pentium III Models c04283636.pdf,True,True,OK,
Compaq ProLiant 5500 Pentium II Xeon Models c04282152.pdf,True,True,OK,
Compaq ProLiant 5500 Pentium III Xeon Models c04283485.pdf,True,True,OK,
Compaq ProLiant 6000 Pentium II Xeon Models c04282153.pdf,True,True,OK,
Compaq ProLiant 6000 Pentium III Xeon Models c04283640.pdf,True,True,OK,
"Compaq ProLiant 6000, 6500 and 7000 Pentium II Xeon Server Upgrades c04283388.pdf",False,True,REVIEW_DESCRIPTION_ONLY,"Processor description text found, but no short model code could be parsed from it (common for older pre-2010 QuickSpecs that describe processors in prose, e.g. 'Intel Xeon 3.0 GHz processor standard', with no distinct model number). Description is available; processor short-code is not."
Compaq ProLiant 6400R Pentium III Xeon c04282154.pdf,True,True,OK,
Compaq ProLiant 6500 Pentium II Xeon Models c04282155.pdf,True,True,OK,
Compaq ProLiant 6500 Pentium III Xeon Models c04282258.pdf,True,True,OK,
Compaq ProLiant 7000 Pentium II Xeon Models QuickSpecs_20260522113607.pdf,True,True,OK,
Compaq ProLiant 7000 Pentium III Xeon Models c04283634.pdf,True,True,OK,
Compaq ProLiant 800 Pentium II Models c04283501.pdf,True,True,OK,
Compaq ProLiant 800 Pentium III Models c04283638.pdf,True,True,OK,
Compaq ProLiant 8000 QuickSpecs_20260522113348.pdf,True,True,OK,
Compaq ProLiant 8500 Data Center Solution QuickSpecs_20260522113509.pdf,True,True,OK,
Compaq ProLiant 8500 c04282235.pdf,True,True,OK,
Compaq ProLiant CL380 c04282277.pdf,True,True,OK,
Compaq ProLiant DL320 c04283757.pdf,True,True,OK,
Compaq ProLiant DL360 Generation 2 c04283870.pdf,True,True,OK,
Compaq ProLiant DL580 c04282278.pdf,True,True,OK,
Compaq ProLiant DL59064 c04282774.pdf,False,True,REVIEW_DESCRIPTION_ONLY,"Processor description text found, but no short model code could be parsed from it (common for older pre-2010 QuickSpecs that describe processors in prose, e.g. 'Intel Xeon 3.0 GHz processor standard', with no distinct model number). Description is available; processor short-code is not."
Compaq ProLiant E Commerce Servers c04283436.pdf,False,True,REVIEW_DESCRIPTION_ONLY,"Processor description text found, but no short model code could be parsed from it (common for older pre-2010 QuickSpecs that describe processors in prose, e.g. 'Intel Xeon 3.0 GHz processor standard', with no distinct model number). Description is available; processor short-code is not."
Compaq ProLiant ML330 Generation 2 (G2) c04282800.pdf,True,True,OK,
Compaq ProLiant ML330 and ML330e c04283624.pdf,False,True,REVIEW_DESCRIPTION_ONLY,"Processor description text found, but no short model code could be parsed from it (common for older pre-2010 QuickSpecs that describe processors in prose, e.g. 'Intel Xeon 3.0 GHz processor standard', with no distinct model number). Description is available; processor short-code is not."
Compaq ProLiant ML350 1.0 GHz Models with FC PGA c04283775.pdf,True,True,OK,
Compaq ProLiant ML370 Generation 2 (G2) c04282771.pdf,True,True,OK,
Compaq ProLiant ML370 c04282251.pdf,True,True,OK,
Compaq ProLiant ML530 c04282201.pdf,True,True,OK,
Compaq ProLiant ML570 QuickSpecs_20260522113608.pdf,True,True,OK,
Compaq ProLiant ML750 c04282311.pdf,True,True,OK,
Compaq ProLiant ML770 c04282290.pdf,True,True,OK,
Compaq ProLiant Storage System RSOU QuickSpecs_20260522113341.pdf,False,False,NOT_A_COMPUTE_PRODUCT,"No processor-related keyword found anywhere in document (likely a storage/networking/switch product with no CPU section) - expected, not a defect."
Compaq ProLiant Storage System U Models UE U2 QuickSpecs_20260522113344.pdf,False,False,NOT_A_COMPUTE_PRODUCT,"No processor-related keyword found anywhere in document (likely a storage/networking/switch product with no CPU section) - expected, not a defect."
Compaq Prosignia 720 Pentium II Models c04375384.pdf,True,True,OK,
Compaq TaskSmart C Series Servers c04282230.pdf,False,False,NOT_A_COMPUTE_PRODUCT,"No processor-related keyword found anywhere in document (likely a storage/networking/switch product with no CPU section) - expected, not a defect."
HHP ProLiant DL160se Generation 6 (G6) c04284464.pdf,True,True,OK,
HP 1224 GB DAT Drive c04282186.pdf,False,False,NOT_A_COMPUTE_PRODUCT,"No processor-related keyword found anywhere in document (likely a storage/networking/switch product with no CPU section) - expected, not a defect."
"HP 9000 Superdome Servers (PA 8600, PA 8700, PA 8800 and PA 8900) c04284013.pdf",True,True,OK,
HP 9000 rp3410 Server c04283131.pdf,False,True,REVIEW_DESCRIPTION_ONLY,"Processor description text found, but no short model code could be parsed from it (common for older pre-2010 QuickSpecs that describe processors in prose, e.g. 'Intel Xeon 3.0 GHz processor standard', with no distinct model number). Description is available; processor short-code is not."
HP 9000 rp3440 Server c04283185.pdf,False,True,REVIEW_DESCRIPTION_ONLY,"Processor description text found, but no short model code could be parsed from it (common for older pre-2010 QuickSpecs that describe processors in prose, e.g. 'Intel Xeon 3.0 GHz processor standard', with no distinct model number). Description is available; processor short-code is not."
HP 9000 rp4410 Server c04283255.pdf,False,True,REVIEW_DESCRIPTION_ONLY,"Processor description text found, but no short model code could be parsed from it (common for older pre-2010 QuickSpecs that describe processors in prose, e.g. 'Intel Xeon 3.0 GHz processor standard', with no distinct model number). Description is available; processor short-code is not."
HP 9000 rp4440 Server c04283184.pdf,False,True,REVIEW_DESCRIPTION_ONLY,"Processor description text found, but no short model code could be parsed from it (common for older pre-2010 QuickSpecs that describe processors in prose, e.g. 'Intel Xeon 3.0 GHz processor standard', with no distinct model number). Description is available; processor short-code is not."
HP 9000 rp7440 Server c04140237.pdf,False,True,REVIEW_DESCRIPTION_ONLY,"Processor description text found, but no short model code could be parsed from it (common for older pre-2010 QuickSpecs that describe processors in prose, e.g. 'Intel Xeon 3.0 GHz processor standard', with no distinct model number). Description is available; processor short-code is not."
HP 9000 rp8440 Server c04140619.pdf,False,True,REVIEW_DESCRIPTION_ONLY,"Processor description text found, but no short model code could be parsed from it (common for older pre-2010 QuickSpecs that describe processors in prose, e.g. 'Intel Xeon 3.0 GHz processor standard', with no distinct model number). Description is available; processor short-code is not."
HP AlphaServer DS15A HP AlphaStation DS15A c04283042.pdf,True,True,OK,
HP AlphaServer DS20L c04282845.pdf,True,True,OK,
HP AlphaServer DS25 HP AlphaStation DS25 c04281756.pdf,True,True,OK,
HP AlphaServer ES45 c04282817.pdf,True,True,OK,
HP AlphaServer GS1280 Systems c04283156.pdf,True,True,OK,
HP AlphaServer GS80 (1224 MHz) c04282925.pdf,True,True,OK,
HP AlphaServer SC45 Non Federated System Maximum Expansion 512 Processors c04282802.pdf,True,True,OK,
"HP AlphaServerAlphaStation ES47 Tower, AlphaServer ES47, and AlphaServer ES80 Systems c04324523.pdf",True,True,OK,
HP Cloudline CL1100 G3 208S Server North America version c04542560.pdf,True,True,OK,
HP Integrity BL860c Server Blade c04140645.pdf,True,True,OK,
HP Integrity BL860c i2 Server Blade c04111681.pdf,True,True,OK,
HP Integrity BL870c Server Blade c04140528.pdf,True,True,OK,
HP Integrity BL870c i2 Server Blade c04111682.pdf,True,True,OK,
HP Integrity BL890c i2 Server Blade c04111605.pdf,True,True,OK,
HP Integrity cx2620 Server c04154421.pdf,False,True,REVIEW_DESCRIPTION_ONLY,"Processor description text found, but no short model code could be parsed from it (common for older pre-2010 QuickSpecs that describe processors in prose, e.g. 'Intel Xeon 3.0 GHz processor standard', with no distinct model number). Description is available; processor short-code is not."
HP Integrity rx1620 Server c04283216.pdf,False,True,REVIEW_DESCRIPTION_ONLY,"Processor description text found, but no short model code could be parsed from it (common for older pre-2010 QuickSpecs that describe processors in prose, e.g. 'Intel Xeon 3.0 GHz processor standard', with no distinct model number). Description is available; processor short-code is not."
HP Integrity rx2600 Server c04140930.pdf,False,True,REVIEW_DESCRIPTION_ONLY,"Processor description text found, but no short model code could be parsed from it (common for older pre-2010 QuickSpecs that describe processors in prose, e.g. 'Intel Xeon 3.0 GHz processor standard', with no distinct model number). Description is available; processor short-code is not."
HP Integrity rx2620 Server c04140857.pdf,False,True,REVIEW_DESCRIPTION_ONLY,"Processor description text found, but no short model code could be parsed from it (common for older pre-2010 QuickSpecs that describe processors in prose, e.g. 'Intel Xeon 3.0 GHz processor standard', with no distinct model number). Description is available; processor short-code is not."
HP Integrity rx2660 Server c04282556.pdf,False,True,REVIEW_DESCRIPTION_ONLY,"Processor description text found, but no short model code could be parsed from it (common for older pre-2010 QuickSpecs that describe processors in prose, e.g. 'Intel Xeon 3.0 GHz processor standard', with no distinct model number). Description is available; processor short-code is not."
HP Integrity rx3600 Server c04140688.pdf,True,True,OK,
HP Integrity rx4640 Server c04140904.pdf,False,True,REVIEW_DESCRIPTION_ONLY,"Processor description text found, but no short model code could be parsed from it (common for older pre-2010 QuickSpecs that describe processors in prose, e.g. 'Intel Xeon 3.0 GHz processor standard', with no distinct model number). Description is available; processor short-code is not."
HP Integrity rx5670 Server c04283036.pdf,False,True,REVIEW_DESCRIPTION_ONLY,"Processor description text found, but no short model code could be parsed from it (common for older pre-2010 QuickSpecs that describe processors in prose, e.g. 'Intel Xeon 3.0 GHz processor standard', with no distinct model number). Description is available; processor short-code is not."
HP Integrity rx6600 Server c04140687.pdf,True,True,OK,
HP Integrity rx7620 Server c04283090.pdf,False,True,REVIEW_DESCRIPTION_ONLY,"Processor description text found, but no short model code could be parsed from it (common for older pre-2010 QuickSpecs that describe processors in prose, e.g. 'Intel Xeon 3.0 GHz processor standard', with no distinct model number). Description is available; processor short-code is not."
HP Integrity rx7640 Server c04140246.pdf,True,True,OK,
HP Integrity rx8620 Server c04283091.pdf,False,True,REVIEW_DESCRIPTION_ONLY,"Processor description text found, but no short model code could be parsed from it (common for older pre-2010 QuickSpecs that describe processors in prose, e.g. 'Intel Xeon 3.0 GHz processor standard', with no distinct model number). Description is available; processor short-code is not."
HP Integrity rx8640 Server c04140723.pdf,True,True,OK,
HP ProLiant BL10e Generation 2 (G2) Server Blade c04373936.pdf,False,True,REVIEW_DESCRIPTION_ONLY,"Processor description text found, but no short model code could be parsed from it (common for older pre-2010 QuickSpecs that describe processors in prose, e.g. 'Intel Xeon 3.0 GHz processor standard', with no distinct model number). Description is available; processor short-code is not."
HP ProLiant BL10e e Class Server Blade c04282846.pdf,True,True,OK,
HP ProLiant BL20p Generation 3 (G3) Server Blade c04283141.pdf,False,True,REVIEW_DESCRIPTION_ONLY,"Processor description text found, but no short model code could be parsed from it (common for older pre-2010 QuickSpecs that describe processors in prose, e.g. 'Intel Xeon 3.0 GHz processor standard', with no distinct model number). Description is available; processor short-code is not."
HP ProLiant BL20p Generation 4 (G4) Server Blade c04284199.pdf,True,True,OK,
HP ProLiant BL20p p Class Server Blade c04282922.pdf,True,True,OK,
HP ProLiant BL25p Generation G2 Server Blade c04282519.pdf,True,True,OK,
HP ProLiant BL25p Server Blade c04140789.pdf,True,True,OK,
HP ProLiant BL260c Generation 5 Server Blade c04284279.pdf,True,True,OK,
HP ProLiant BL280c Generation 6 (G6) Server Blade c04282684.pdf,True,True,OK,
HP ProLiant BL2x220c Generation 6 (G6) Server Blade c04282720.pdf,True,True,OK,
HP ProLiant BL2x220c Generation 7 (G7) Server Blade c04123318.pdf,True,True,OK,
HP ProLiant BL30p Server Blade c04140252.pdf,False,True,REVIEW_DESCRIPTION_ONLY,"Processor description text found, but no short model code could be parsed from it (common for older pre-2010 QuickSpecs that describe processors in prose, e.g. 'Intel Xeon 3.0 GHz processor standard', with no distinct model number). Description is available; processor short-code is not."
HP ProLiant BL35p Server Blade c04140790.pdf,True,True,OK,
HP ProLiant BL40p Server Blade c04140778.pdf,False,True,REVIEW_DESCRIPTION_ONLY,"Processor description text found, but no short model code could be parsed from it (common for older pre-2010 QuickSpecs that describe processors in prose, e.g. 'Intel Xeon 3.0 GHz processor standard', with no distinct model number). Description is available; processor short-code is not."
HP ProLiant BL45p Generation 2 Server Blade c04123397.pdf,True,True,OK,
HP ProLiant BL45p Server Blade c04140791.pdf,True,True,OK,
HP ProLiant BL460c Carrier-Grade Server Blade QuickSpecs_20260522113604.pdf,True,True,OK,
HP ProLiant BL460c Gen8 Server Blade  North America version QuickSpecs_20260522113439.pdf,True,True,OK,
HP ProLiant BL460c Gen8 Server Blade QuickSpecs_20260522113311.pdf,True,True,OK,
HP ProLiant BL460c Generation 5 Server Blade QuickSpecs_20260522113437.pdf,True,True,OK,
HP ProLiant BL460c Generation 6 Server Blade c04282677.pdf,True,True,OK,
HP ProLiant BL460c Generation 7 (G7) Server Blade c04123266.pdf,True,True,OK,
HP ProLiant BL460c Generation 8 (Gen8) Server Blade  Carrier Grade Supplement North America version c04155284.pdf,True,True,OK,
HP ProLiant BL460c Generation 8 Gen8 Server Blade- Carrier Grade Supplement QuickSpecs_20260522113650.pdf,True,True,OK,
HP ProLiant BL460c Server Blade QuickSpecs_20260522113616.pdf,True,True,OK,
HP ProLiant BL465c Generation 5 (G5) Server Blade c04282611.pdf,True,True,OK,
HP ProLiant BL465c Generation 6 (G6) Server Blade c04282585.pdf,True,True,OK,
HP ProLiant BL465c Generation 7 (G7) Server Blade c04282742.pdf,True,True,OK,
HP ProLiant BL465c Server Blade c04140691.pdf,True,True,OK,
HP ProLiant BL480c Server Blade c04111737.pdf,True,True,OK,
HP ProLiant BL490c Generation 6 (G6) Server Blade c04284368.pdf,True,True,OK,
HP ProLiant BL490c Generation 7 (G7) Server Blade c04284877.pdf,True,True,OK,
HP ProLiant BL495c Generation 5 (G5) Server Blade c04284312.pdf,True,True,OK,
HP ProLiant BL495c Generation 6 (G6) Server Blade c04284443.pdf,True,True,OK,
HP ProLiant BL620c Gen7 Server Blade North America version c04128279.pdf,True,True,OK,
HP ProLiant BL620c Gen7 Server Blade c04123319.pdf,True,True,OK,
HP ProLiant BL620c Generation 7 G7 Server Blade Carrier Grade Supplement  North America version QuickSpecs_20260522113646.pdf,True,True,OK,
HP ProLiant BL620c Generation 7 G7 Server Blade Carrier Grade Supplement QuickSpecs_20260522113305.pdf,True,True,OK,
HP ProLiant BL680c Gen7 Server Blade North America version c04128189.pdf,True,True,OK,
HP ProLiant BL680c Gen7 Server Blade c04123320.pdf,True,True,OK,
HP ProLiant BL680c Generation 5 Server Blade QuickSpecs_20260522113508.pdf,True,True,OK,
HP ProLiant BL685c Gen7 Server Blade North America version c04128286.pdf,True,True,OK,
HP ProLiant BL685c Gen7 Server Blade c04123328.pdf,True,True,OK,
HP ProLiant BL685c Generation 5 Server Blade c04282648.pdf,True,True,OK,
HP ProLiant BL685c Server Blade c04140692.pdf,True,True,OK,
HP ProLiant DL120 Generation 6 c04123273.pdf,True,True,OK,
HP ProLiant DL120 Generation 7 (G7) c04284550.pdf,True,True,OK,
HP ProLiant DL140 Generation 2 c04283235.pdf,False,True,REVIEW_DESCRIPTION_ONLY,"Processor description text found, but no short model code could be parsed from it (common for older pre-2010 QuickSpecs that describe processors in prose, e.g. 'Intel Xeon 3.0 GHz processor standard', with no distinct model number). Description is available; processor short-code is not."
HP ProLiant DL140 Generation 3 c04282505.pdf,True,True,OK,
HP ProLiant DL140 c04283080.pdf,False,True,REVIEW_DESCRIPTION_ONLY,"Processor description text found, but no short model code could be parsed from it (common for older pre-2010 QuickSpecs that describe processors in prose, e.g. 'Intel Xeon 3.0 GHz processor standard', with no distinct model number). Description is available; processor short-code is not."
HP ProLiant DL145 Generation 2 (G2) c04283236.pdf,True,True,OK,
HP ProLiant DL145 Generation 3 (G3) c04282537.pdf,True,True,OK,
HP ProLiant DL145 c04123428.pdf,True,True,OK,
HP ProLiant DL160 Generation 5 (G5) c04284265.pdf,True,True,OK,
HP ProLiant DL160 Generation 5p (G5p) c04284309.pdf,True,True,OK,
HP ProLiant DL160 Generation 6 c04284374.pdf,True,True,OK,
HP ProLiant DL160 Generation 8 (Gen8) North America version c04128229.pdf,True,True,OK,
HP ProLiant DL165 Generation 5 (G5) c04284276.pdf,True,True,OK,
HP ProLiant DL165 Generation 5p (G5p) c04284335.pdf,True,True,OK,
HP ProLiant DL165 Generation 6 (G6) c04284455.pdf,True,True,OK,
HP ProLiant DL165 Generation 7 (G7) c04282737.pdf,True,True,OK,
HP ProLiant DL180 Generation 5 c04284266.pdf,True,True,OK,
HP ProLiant DL180 Generation 6 c04284378.pdf,True,True,OK,
HP ProLiant DL180 c04282600.pdf,True,True,OK,
HP ProLiant DL185 Generation 5 c04284263.pdf,True,True,OK,
HP ProLiant DL2000 Multi Node Server c04154349.pdf,True,True,OK,
HP ProLiant DL320 Generation 2 QuickSpecs_20260522113221.pdf,False,True,REVIEW_DESCRIPTION_ONLY,"Processor description text found, but no short model code could be parsed from it (common for older pre-2010 QuickSpecs that describe processors in prose, e.g. 'Intel Xeon 3.0 GHz processor standard', with no distinct model number). Description is available; processor short-code is not."
HP ProLiant DL320 Generation 3 (G3) c04283226.pdf,True,True,OK,
HP ProLiant DL320 Generation 4 (G4) c04282465.pdf,True,True,OK,
HP ProLiant DL320 Generation 5 (G5) c04282521.pdf,True,True,OK,
HP ProLiant DL320 Generation 5p c04282572.pdf,True,True,OK,
HP ProLiant DL320 Generation 6 c04282694.pdf,True,True,OK,
HP ProLiant DL320e Generation 8 (Gen8) North America version c04383197.pdf,True,True,OK,
HP ProLiant DL320e Generation 8 Gen8 QuickSpecs_20260522113233.pdf,True,True,OK,
HP ProLiant DL320s c04282520.pdf,True,True,OK,
HP ProLiant DL360 Generation 3 c04283959.pdf,False,True,REVIEW_DESCRIPTION_ONLY,"Processor description text found, but no short model code could be parsed from it (common for older pre-2010 QuickSpecs that describe processors in prose, e.g. 'Intel Xeon 3.0 GHz processor standard', with no distinct model number). Description is available; processor short-code is not."
HP ProLiant DL360 Generation 4 QuickSpecs_20260522113701.pdf,False,True,REVIEW_DESCRIPTION_ONLY,"Processor description text found, but no short model code could be parsed from it (common for older pre-2010 QuickSpecs that describe processors in prose, e.g. 'Intel Xeon 3.0 GHz processor standard', with no distinct model number). Description is available; processor short-code is not."
HP ProLiant DL360 Generation 4p G4p QuickSpecs_20260522113457.pdf,False,True,REVIEW_DESCRIPTION_ONLY,"Processor description text found, but no short model code could be parsed from it (common for older pre-2010 QuickSpecs that describe processors in prose, e.g. 'Intel Xeon 3.0 GHz processor standard', with no distinct model number). Description is available; processor short-code is not."
HP ProLiant DL360 Generation 5 (G5) c04284194.pdf,True,True,OK,
HP ProLiant DL360 Generation 6 (G6) Carrier Grade Supplement c04284886.pdf,True,True,OK,
HP ProLiant DL360 Generation 6 (G6) c04284365.pdf,True,True,OK,
HP ProLiant DL360 Generation 7 c04284501.pdf,True,True,OK,
HP ProLiant DL360e Generation 8 (Gen8) North America version c04128167.pdf,True,True,OK,
HP ProLiant DL360e Generation 8 Gen8 QuickSpecs_20260522113435.pdf,True,True,OK,
HP ProLiant DL360p Generation 8 (Gen8) Carrier Grade Supplement c04155282.pdf,True,True,OK,
HP ProLiant DL360p Generation 8 (Gen8) North America version c04128242.pdf,True,True,OK,
HP ProLiant DL360p Generation 8 Gen8 QuickSpecs_20260522113717.pdf,True,True,OK,
HP ProLiant DL365 Generation 5 (G5) c04282612.pdf,True,True,OK,
HP ProLiant DL365 c04282518.pdf,True,True,OK,
HP ProLiant DL380 Generation 3 G3 Packaged Cluster with MSA500 QuickSpecs_20260522113431.pdf,False,True,REVIEW_DESCRIPTION_ONLY,"Processor description text found, but no short model code could be parsed from it (common for older pre-2010 QuickSpecs that describe processors in prose, e.g. 'Intel Xeon 3.0 GHz processor standard', with no distinct model number). Description is available; processor short-code is not."
HP ProLiant DL380 Generation 3 c04282946.pdf,False,True,REVIEW_DESCRIPTION_ONLY,"Processor description text found, but no short model code could be parsed from it (common for older pre-2010 QuickSpecs that describe processors in prose, e.g. 'Intel Xeon 3.0 GHz processor standard', with no distinct model number). Description is available; processor short-code is not."
HP ProLiant DL380 Generation 4 Packaged Cluster with Modular Smart Array 1000 c04284125.pdf,False,True,REVIEW_DESCRIPTION_ONLY,"Processor description text found, but no short model code could be parsed from it (common for older pre-2010 QuickSpecs that describe processors in prose, e.g. 'Intel Xeon 3.0 GHz processor standard', with no distinct model number). Description is available; processor short-code is not."
HP ProLiant DL380 Generation 5 (G5) c04282492.pdf,True,True,OK,
HP ProLiant DL380 Generation 6 (G6) c04282582.pdf,True,True,OK,
HP ProLiant DL380 Generation 7 G7 QuickSpecs_20260522113720.pdf,True,True,OK,
HP ProLiant DL380e Generation 8 (Gen8) North America version c04128166.pdf,True,True,OK,
HP ProLiant DL380e Generation 8 (Gen8) c04123218.pdf,True,True,OK,
HP ProLiant DL380p Generation 8 (Gen8) Carrier Grade Supplement North America version c04155283.pdf,True,True,OK,
HP ProLiant DL380p Generation 8 (Gen8) Carrier Grade Supplement c04154335.pdf,True,True,OK,
HP ProLiant DL380p Generation8 (Gen8) North America version c04128241.pdf,True,True,OK,
HP ProLiant DL380p Generation8 Gen8 QuickSpecs_20260522113550.pdf,True,True,OK,
HP ProLiant DL385 Generation 5 (G5) Carrier Grade Server c04282577.pdf,True,True,OK,
HP ProLiant DL385 Generation 5 c04284274.pdf,True,True,OK,
HP ProLiant DL385 Generation 5p (G5p) c04284319.pdf,True,True,OK,
HP ProLiant DL385 Generation 6 (G6) c04284448.pdf,True,True,OK,
HP ProLiant DL385 Generation 7 North America version c04286663.pdf,True,True,OK,
HP ProLiant DL385 Generation 7 QuickSpecs_20260522113534.pdf,True,True,OK,
HP ProLiant DL385 Packaged Cluster with MSA500 G2 c04282508.pdf,True,True,OK,
HP ProLiant DL385 QuickSpecs_20260522113414.pdf,True,True,OK,
HP ProLiant DL560 c04283003.pdf,False,True,REVIEW_DESCRIPTION_ONLY,"Processor description text found, but no short model code could be parsed from it (common for older pre-2010 QuickSpecs that describe processors in prose, e.g. 'Intel Xeon 3.0 GHz processor standard', with no distinct model number). Description is available; processor short-code is not."
HP ProLiant DL580 Gen7  North America version QuickSpecs_20260522113401.pdf,True,True,OK,
HP ProLiant DL580 Gen7 QuickSpecs_20260522113523.pdf,True,True,OK,
HP ProLiant DL580 Generation 4 (G4) c04282490.pdf,True,True,OK,
HP ProLiant DL580 Generation 5 (G5) c04282606.pdf,True,True,OK,
HP ProLiant DL585 Gen7 QuickSpecs_20260522113338.pdf,True,True,OK,
HP ProLiant DL585 Generation 2 (G2) c04282524.pdf,True,True,OK,
HP ProLiant DL585 Generation 5 c04282646.pdf,True,True,OK,
HP ProLiant DL585 Generation 6 c04282699.pdf,True,True,OK,
HP ProLiant DL585 c04283148.pdf,True,True,OK,
HP ProLiant DL740 c04282979.pdf,False,True,REVIEW_DESCRIPTION_ONLY,"Processor description text found, but no short model code could be parsed from it (common for older pre-2010 QuickSpecs that describe processors in prose, e.g. 'Intel Xeon 3.0 GHz processor standard', with no distinct model number). Description is available; processor short-code is not."
HP ProLiant DL760 Generation 2 (G2) c04373935.pdf,False,True,REVIEW_DESCRIPTION_ONLY,"Processor description text found, but no short model code could be parsed from it (common for older pre-2010 QuickSpecs that describe processors in prose, e.g. 'Intel Xeon 3.0 GHz processor standard', with no distinct model number). Description is available; processor short-code is not."
HP ProLiant DL785 Generation 5 (G5) c04284295.pdf,True,True,OK,
HP ProLiant DL785 Generation 6 (G6) c04284472.pdf,True,True,OK,
HP ProLiant DL980 Generation 7 (G7) North America version c04128191.pdf,True,True,OK,
HP ProLiant DL980 Generation 7 (G7) c04123323.pdf,True,True,OK,
HP ProLiant Lights Out 100 c04283133.pdf,False,False,REVIEW_NO_STRUCTURED_MATCH,Document mentions processor/CPU-family keywords but no line matched the structured description pattern (part number / GHz / family name). Needs manual check - may be a new/unhandled text format.
HP ProLiant ML10 Server North America version c04111262.pdf,True,True,OK,
HP ProLiant ML10 Server c04111408.pdf,True,True,OK,
HP ProLiant ML110 G2 c04283222.pdf,False,True,REVIEW_DESCRIPTION_ONLY,"Processor description text found, but no short model code could be parsed from it (common for older pre-2010 QuickSpecs that describe processors in prose, e.g. 'Intel Xeon 3.0 GHz processor standard', with no distinct model number). Description is available; processor short-code is not."
HP ProLiant ML110 Generation 3 (G3) c04283258.pdf,True,True,OK,
HP ProLiant ML110 Generation 4 (G4) c04282525.pdf,True,True,OK,
HP ProLiant ML110 Generation 5 (G5) c04282629.pdf,True,True,OK,
HP ProLiant ML110 Generation 6 (G6) c04282718.pdf,True,True,OK,
HP ProLiant ML110 Generation 7 (G7) c04284861.pdf,True,True,OK,
HP ProLiant ML110 Generation 7 North America version c04286751.pdf,True,True,OK,
HP ProLiant ML110 c04283113.pdf,True,True,OK,
HP ProLiant ML115 Generation 5 c04282645.pdf,True,True,OK,
HP ProLiant ML115 c04282558.pdf,True,True,OK,
HP ProLiant ML150 Generation 2 (G2) c04283204.pdf,False,True,REVIEW_DESCRIPTION_ONLY,"Processor description text found, but no short model code could be parsed from it (common for older pre-2010 QuickSpecs that describe processors in prose, e.g. 'Intel Xeon 3.0 GHz processor standard', with no distinct model number). Description is available; processor short-code is not."
HP ProLiant ML150 Generation 3 c04282509.pdf,True,True,OK,
HP ProLiant ML150 Generation 6 c04282681.pdf,True,True,OK,
HP ProLiant ML310 Generation 2 (G2) c04284154.pdf,True,True,OK,
HP ProLiant ML310 Generation 3 (G3) c04284178.pdf,True,True,OK,
HP ProLiant ML310 Generation 4 c04284218.pdf,True,True,OK,
HP ProLiant ML310 Generation 5 (G5) c04284260.pdf,True,True,OK,
HP ProLiant ML310 Generation 5p (G5p) c04284357.pdf,True,True,OK,
HP ProLiant ML310 QuickSpecs_20260522113658.pdf,False,True,REVIEW_DESCRIPTION_ONLY,"Processor description text found, but no short model code could be parsed from it (common for older pre-2010 QuickSpecs that describe processors in prose, e.g. 'Intel Xeon 3.0 GHz processor standard', with no distinct model number). Description is available; processor short-code is not."
HP ProLiant ML310e Generation 8 (Gen8) c04123217.pdf,True,True,OK,
HP ProLiant ML310e Generation 8 Gen8  North America version QuickSpecs_20260522113705.pdf,True,True,OK,
HP ProLiant ML330 Generation 3 c04283012.pdf,False,True,REVIEW_DESCRIPTION_ONLY,"Processor description text found, but no short model code could be parsed from it (common for older pre-2010 QuickSpecs that describe processors in prose, e.g. 'Intel Xeon 3.0 GHz processor standard', with no distinct model number). Description is available; processor short-code is not."
HP ProLiant ML330 Generation 6 c04282696.pdf,True,True,OK,
HP ProLiant ML350 Generation 3 QuickSpecs_20260522113349.pdf,False,True,REVIEW_DESCRIPTION_ONLY,"Processor description text found, but no short model code could be parsed from it (common for older pre-2010 QuickSpecs that describe processors in prose, e.g. 'Intel Xeon 3.0 GHz processor standard', with no distinct model number). Description is available; processor short-code is not."
HP ProLiant ML350 Generation 4 (G4) c04284115.pdf,False,True,REVIEW_DESCRIPTION_ONLY,"Processor description text found, but no short model code could be parsed from it (common for older pre-2010 QuickSpecs that describe processors in prose, e.g. 'Intel Xeon 3.0 GHz processor standard', with no distinct model number). Description is available; processor short-code is not."
HP ProLiant ML350 Generation 4p (G4p) c04284160.pdf,False,True,REVIEW_DESCRIPTION_ONLY,"Processor description text found, but no short model code could be parsed from it (common for older pre-2010 QuickSpecs that describe processors in prose, e.g. 'Intel Xeon 3.0 GHz processor standard', with no distinct model number). Description is available; processor short-code is not."
HP ProLiant ML350 Generation 5 (G5) c04284193.pdf,True,True,OK,
HP ProLiant ML350 Generation 6 (G6) c04200238.pdf,True,True,OK,
HP ProLiant ML350e Generation 8 (Gen8) c04123216.pdf,True,True,OK,
HP ProLiant ML350e Generation 8 (Gen8) v2 North America version c04128081.pdf,True,True,OK,
HP ProLiant ML350e Generation 8 (Gen8) v2 c04123133.pdf,True,True,OK,
HP ProLiant ML350e Generation 8 Gen8  North America version QuickSpecs_20260522113313.pdf,True,True,OK,
HP ProLiant ML350p Generation 8 (Gen8) c04123166.pdf,True,True,OK,
HP ProLiant ML350p Generation 8 Gen8  North America version QuickSpecs_20260522113549.pdf,True,True,OK,
HP ProLiant ML370 Generation 3 c04281761.pdf,False,True,REVIEW_DESCRIPTION_ONLY,"Processor description text found, but no short model code could be parsed from it (common for older pre-2010 QuickSpecs that describe processors in prose, e.g. 'Intel Xeon 3.0 GHz processor standard', with no distinct model number). Description is available; processor short-code is not."
HP ProLiant ML370 Generation 5 (G5) c04282493.pdf,True,True,OK,
HP ProLiant ML530 Generation 2 c04282873.pdf,False,True,REVIEW_DESCRIPTION_ONLY,"Processor description text found, but no short model code could be parsed from it (common for older pre-2010 QuickSpecs that describe processors in prose, e.g. 'Intel Xeon 3.0 GHz processor standard', with no distinct model number). Description is available; processor short-code is not."
HP ProLiant ML570 Generation 2 QuickSpecs_20260522113427.pdf,False,True,REVIEW_DESCRIPTION_ONLY,"Processor description text found, but no short model code could be parsed from it (common for older pre-2010 QuickSpecs that describe processors in prose, e.g. 'Intel Xeon 3.0 GHz processor standard', with no distinct model number). Description is available; processor short-code is not."
HP ProLiant ML570 Generation 3 (G3) c04283234.pdf,True,True,OK,
HP ProLiant ML570 Generation 4 (G4) c04282491.pdf,True,True,OK,
HP ProLiant MicroServer North America version c04111079.pdf,False,True,REVIEW_DESCRIPTION_ONLY,"Processor description text found, but no short model code could be parsed from it (common for older pre-2010 QuickSpecs that describe processors in prose, e.g. 'Intel Xeon 3.0 GHz processor standard', with no distinct model number). Description is available; processor short-code is not."
HP ProLiant MicroServer QuickSpecs_20260522113522.pdf,False,True,REVIEW_DESCRIPTION_ONLY,"Processor description text found, but no short model code could be parsed from it (common for older pre-2010 QuickSpecs that describe processors in prose, e.g. 'Intel Xeon 3.0 GHz processor standard', with no distinct model number). Description is available; processor short-code is not."
HP ProLiant SL160s Generation 6 c04284546.pdf,True,True,OK,
HP ProLiant SL160z Generation 6 (G6) c04284459.pdf,True,True,OK,
HP ProLiant SL165s Generation 7 (G7) c04284859.pdf,True,True,OK,
HP ProLiant SL165z Generation 6 c04284488.pdf,True,True,OK,
HP ProLiant SL165z Generation 7 c04284493.pdf,True,True,OK,
HP ProLiant SL170s Generation 6 (G6) c04284855.pdf,True,True,OK,
HP ProLiant SL170z Generation 6 (G6) c04284429.pdf,True,True,OK,
HP ProLiant SL230s Generation8 (Gen8) North America version c04128238.pdf,True,True,OK,
HP ProLiant SL230s Generation8 (Gen8) c04123236.pdf,True,True,OK,
HP ProLiant SL250s Generation 8 (Gen8) North America version c04128237.pdf,True,True,OK,
HP ProLiant SL250s Generation 8 (Gen8) c04123235.pdf,True,True,OK,
HP ProLiant SL2x170z Generation 6 (G6) c04282700.pdf,True,True,OK,
HP ProLiant SL335s Generation 7 (G7) c04284860.pdf,True,True,OK,
HP ProLiant SL390s Generation 7 (G7) North America version c04128190.pdf,True,True,OK,
HP ProLiant SL390s Generation 7 (G7) c04123322.pdf,True,True,OK,
HP ProLiant SL4540 Generation 8 (Gen8) Server c04315108.pdf,True,True,OK,
HP ProLiant SL4545 Generation7 (G7) Server North America version c04128154.pdf,True,True,OK,
HP ProLiant SL4545 Generation7 (G7) Server c04123203.pdf,True,True,OK,
HP ProLiant WS460c Generation 6 (G6) Workstation Blade c04282707.pdf,True,True,OK,
HP ProLiant XL220a Gen8 v2 Server c04293374.pdf,True,True,OK,
HP ProLiant XL740f Server North America version c04392927.pdf,True,True,OK,
HP SL2500 Scalable System North America version c04152619.pdf,True,True,OK,
HP SL2500 Scalable System c04154328.pdf,True,True,OK,
HP Server tc2120 c04282906.pdf,True,True,OK,
HP StorageWorks Data Protection Suite for Backup and Restore c04123305.pdf,False,False,NOT_A_COMPUTE_PRODUCT,"No processor-related keyword found anywhere in document (likely a storage/networking/switch product with no CPU section) - expected, not a defect."
HP server cx2600 c04282468.pdf,False,True,REVIEW_DESCRIPTION_ONLY,"Processor description text found, but no short model code could be parsed from it (common for older pre-2010 QuickSpecs that describe processors in prose, e.g. 'Intel Xeon 3.0 GHz processor standard', with no distinct model number). Description is available; processor short-code is not."
HPE Alletra Storage Server 4110 QuickSpecs_20260522113111.pdf,True,True,OK,
HPE Alletra Storage Server 4120 QuickSpecs_20260522113011.pdf,True,True,OK,
HPE Alletra Storage Server 4140 QuickSpecs_20260522113012.pdf,True,True,OK,
HPE Alletra Storage Server 4210 QuickSpecs_20260522113009.pdf,True,True,OK,
HPE Apollo 2000 Chassis North America version c04542554.pdf,False,True,REVIEW_DESCRIPTION_ONLY,"Processor description text found, but no short model code could be parsed from it (common for older pre-2010 QuickSpecs that describe processors in prose, e.g. 'Intel Xeon 3.0 GHz processor standard', with no distinct model number). Description is available; processor short-code is not."
HPE Apollo 2000 Chassis QuickSpecs_20260522113543.pdf,False,True,REVIEW_DESCRIPTION_ONLY,"Processor description text found, but no short model code could be parsed from it (common for older pre-2010 QuickSpecs that describe processors in prose, e.g. 'Intel Xeon 3.0 GHz processor standard', with no distinct model number). Description is available; processor short-code is not."
HPE Apollo 2000 Gen10 Plus System a00056110enw.pdf,True,True,OK,
HPE Apollo 35 System a00047738enw.pdf,True,True,OK,
HPE Apollo 35 v2 System a00073542enw.pdf,True,True,OK,
HPE Apollo 4200 Gen10 Plus System QuickSpecs_20260522113034.pdf,True,True,OK,
HPE Apollo 4200 Gen10 Server QuickSpecs_20260522113303.pdf,True,True,OK,
HPE Apollo 4200 Gen9 Server QuickSpecs_20260522113301.pdf,True,True,OK,
HPE Apollo 4510 Gen10 System QuickSpecs_20260522113259.pdf,True,True,OK,
HPE Apollo 6000 Chassis North America version c04330567.pdf,False,False,REVIEW_NO_STRUCTURED_MATCH,Document mentions processor/CPU-family keywords but no line matched the structured description pattern (part number / GHz / family name). Needs manual check - may be a new/unhandled text format.
HPE Apollo 6000 Chassis c04293373.pdf,False,True,REVIEW_DESCRIPTION_ONLY,"Processor description text found, but no short model code could be parsed from it (common for older pre-2010 QuickSpecs that describe processors in prose, e.g. 'Intel Xeon 3.0 GHz processor standard', with no distinct model number). Description is available; processor short-code is not."
HPE Apollo 6000 Power Shelf QuickSpecs_20260522113358.pdf,False,False,NOT_A_COMPUTE_PRODUCT,"No processor-related keyword found anywhere in document (likely a storage/networking/switch product with no CPU section) - expected, not a defect."
HPE Apollo 6500 Gen10 System a00039976enw.pdf,True,True,OK,
HPE Apollo 6500 c05069179.pdf,True,True,OK,
HPE Apollo 80 a00094636enw.pdf,False,False,REVIEW_NO_STRUCTURED_MATCH,Document mentions processor/CPU-family keywords but no line matched the structured description pattern (part number / GHz / family name). Needs manual check - may be a new/unhandled text format.
HPE Apollo 8000 iCDU Rack c04293377.pdf,True,True,OK,
HPE Apollo k6000 Chassis QuickSpecs_20260522113558.pdf,False,False,REVIEW_NO_STRUCTURED_MATCH,Document mentions processor/CPU-family keywords but no line matched the structured description pattern (part number / GHz / family name). Needs manual check - may be a new/unhandled text format.
HPE Apollo kl20 Server a00018440enw.pdf,True,True,OK,
HPE Apollo sx40 Server a00016717enw.pdf,True,True,OK,
HPE Apollo w6000 Chassis a00019890enw.pdf,False,False,NOT_A_COMPUTE_PRODUCT,"No processor-related keyword found anywhere in document (likely a storage/networking/switch product with no CPU section) - expected, not a defect."
HPE Cloudline CL1100 G3 208S Server c04542557.pdf,True,True,OK,
HPE Cloudline CL2100 G3 Server c04542563.pdf,True,True,OK,
HPE Cloudline CL2100 Gen10 Server QuickSpecs_20260522113637.pdf,True,True,OK,
HPE Cloudline CL2200 G3 1211R Server North America version c04542579.pdf,True,True,OK,
HPE Cloudline CL2200 G3 1211R Server c04542575.pdf,True,True,OK,
HPE Cloudline CL2200 Gen10 Server a00028294enw.pdf,True,True,OK,
HPE Cloudline CL2600 Gen10 Server QuickSpecs_20260522113451.pdf,True,True,OK,
HPE Cloudline CL2800 Gen10 Server a00056105enw.pdf,True,True,OK,
HPE Cloudline CL3100 G3 Server North America version c05065972.pdf,True,True,OK,
HPE Cloudline CL3100 G3 Server c05065961.pdf,True,True,OK,
HPE Cloudline CL3100 Gen10 Server QuickSpecs_20260522113440.pdf,True,True,OK,
HPE Cloudline CL3150 Gen10 Server a00018441enw.pdf,True,True,OK,
HPE Cloudline CL4100 Gen10 Server a00056113enw.pdf,True,True,OK,
HPE Cloudline CL5200 G3 Server  North America version QuickSpecs_20260522113234.pdf,True,True,OK,
HPE Cloudline CL5200 Gen9 Server North America version c05150291.pdf,True,True,OK,
HPE Cloudline CL5200 Gen9 Server c04950944.pdf,True,True,OK,
HPE Cloudline CL5800 Gen10 Server a00073539enw.pdf,True,True,OK,
HPE Cloudline CL5800 Gen9 Server a00056104enw.pdf,True,True,OK,
HPE Cloudline CL7100 Server  North America version QuickSpecs_20260522113444.pdf,True,True,OK,
HPE Cloudline CL7100 Server c05065973.pdf,True,True,OK,
HPE Compute Edge Server e920 a50002588enw.pdf,True,True,OK,
HPE Compute Edge Server e920d QuickSpecs_20260522113139.pdf,True,True,OK,
HPE Compute Edge Server e920t QuickSpecs_20260522113103.pdf,True,True,OK,
HPE Compute Edge Server e930t a50007027enw.pdf,True,True,OK,
HPE Compute Scale up Server 3200 a50004268enw.pdf,True,True,OK,
HPE Compute Scale-up Server 3250 QuickSpecs_20260522113027.pdf,True,True,OK,
HPE Cray Storage Systems C500 a50007029enw.pdf,True,True,OK,
HPE Cray Supercomputers a00094639enw.pdf,True,True,OK,
HPE Cray Supercomputing EX a00094635enw.pdf,True,True,OK,
HPE Cray Supercomputing Storage Systems E2000 QuickSpecs_20260522113015.pdf,True,True,OK,
HPE Cray Supercomputing XD670 a50004292enw.pdf,True,True,OK,
HPE Cray XD2000 QuickSpecs_20260522113053.pdf,True,True,OK,
HPE Cray XD670 QuickSpecs_20260522113045.pdf,True,True,OK,
HPE Cray XD675 QuickSpecs_20260522113134.pdf,True,True,OK,
HPE Edgeline EL1000 Converged Edge System c05211199.pdf,True,True,OK,
HPE Edgeline EL300 Converged Edge System a00056114enw.pdf,False,True,REVIEW_DESCRIPTION_ONLY,"Processor description text found, but no short model code could be parsed from it (common for older pre-2010 QuickSpecs that describe processors in prose, e.g. 'Intel Xeon 3.0 GHz processor standard', with no distinct model number). Description is available; processor short-code is not."
HPE Edgeline EL4000 Converged Edge System QuickSpecs_20260522113359.pdf,True,True,OK,
HPE Edgeline EL8000 Converged Edge System a00067727enw.pdf,False,True,REVIEW_DESCRIPTION_ONLY,"Processor description text found, but no short model code could be parsed from it (common for older pre-2010 QuickSpecs that describe processors in prose, e.g. 'Intel Xeon 3.0 GHz processor standard', with no distinct model number). Description is available; processor short-code is not."
HPE Edgeline EL8000t Converged Edge System a00073755enw.pdf,False,True,REVIEW_DESCRIPTION_ONLY,"Processor description text found, but no short model code could be parsed from it (common for older pre-2010 QuickSpecs that describe processors in prose, e.g. 'Intel Xeon 3.0 GHz processor standard', with no distinct model number). Description is available; processor short-code is not."
HPE Edgeline Solid State Drives QuickSpecs_20260522113823.pdf,False,False,NOT_A_COMPUTE_PRODUCT,"No processor-related keyword found anywhere in document (likely a storage/networking/switch product with no CPU section) - expected, not a defect."
HPE GL10 IoT Gateway Series QuickSpecs_20260522113531.pdf,False,True,REVIEW_DESCRIPTION_ONLY,"Processor description text found, but no short model code could be parsed from it (common for older pre-2010 QuickSpecs that describe processors in prose, e.g. 'Intel Xeon 3.0 GHz processor standard', with no distinct model number). Description is available; processor short-code is not."
HPE GL20 IoT Gateway Series QuickSpecs_20260522113342.pdf,False,True,REVIEW_DESCRIPTION_ONLY,"Processor description text found, but no short model code could be parsed from it (common for older pre-2010 QuickSpecs that describe processors in prose, e.g. 'Intel Xeon 3.0 GHz processor standard', with no distinct model number). Description is available; processor short-code is not."
HPE Integrity BL860c i4 Server Blade c04111441.pdf,True,True,OK,
HPE Integrity BL860c i6 Server Blade QuickSpecs_20260522113244.pdf,True,True,OK,
HPE Integrity BL870c i4 Server Blade QuickSpecs_20260522113416.pdf,True,True,OK,
HPE Integrity BL870c i6 Server Blade a00005204enw.pdf,True,True,OK,
HPE Integrity BL890c i4 Server Blade QuickSpecs_20260522113339.pdf,True,True,OK,
HPE Integrity BL890c i6 Server Blade a00005205enw.pdf,True,True,OK,
HPE Integrity MC990 X Server c04912781.pdf,True,True,OK,
HPE Integrity Superdome 2 QuickSpecs_20260522113722.pdf,True,True,OK,
HPE Integrity Superdome X QuickSpecs_20260522113611.pdf,True,True,OK,
HPE Integrity rx2800 i2 Server c04111594.pdf,True,True,OK,
HPE Integrity rx2800 i4 Server c04111437.pdf,True,True,OK,
HPE Machine Learning Development System QuickSpecs_20260522113037.pdf,True,True,OK,
HPE ProLiant BL420c Gen8 Server Blade North America version c04128169.pdf,True,True,OK,
HPE ProLiant BL420c Gen8 Server Blade QuickSpecs_20260522113506.pdf,True,True,OK,
HPE ProLiant BL460c Gen9 Server Blade - Carrier Grade Supplement QuickSpecs_20260522113422.pdf,True,True,OK,
HPE ProLiant BL460c Gen9 Server Blade QuickSpecs_20260522113511.pdf,True,True,OK,
HPE ProLiant BL465c Gen8 Server Blade North America version c04128168.pdf,True,True,OK,
HPE ProLiant BL465c Gen8 Server Blade c04222526.pdf,True,True,OK,
HPE ProLiant BL660c Gen8 Server Blade North America version c04128116.pdf,True,True,OK,
HPE ProLiant BL660c Gen8 Server Blade c04123155.pdf,True,True,OK,
HPE ProLiant BL660c Gen9 Server Blade  North America version QuickSpecs_20260522113605.pdf,True,True,OK,
HPE ProLiant Compute DL110 Gen12 QuickSpecs_20260522113023.pdf,True,True,OK,
HPE ProLiant Compute DL320 Gen12 QuickSpecs_20260522113040.pdf,True,True,OK,
HPE ProLiant Compute DL340 Gen12-a50004261enw.pdf,True,True,OK,
HPE ProLiant Compute DL345 Gen12 QuickSpecs_20260522113055.pdf,True,True,OK,
HPE ProLiant Compute DL360 Gen12 QuickSpecs_20260522113042.pdf,True,True,OK,
HPE ProLiant Compute DL380 Gen12-a00073551enw.pdf,True,True,OK,
HPE ProLiant Compute DL380a Gen12-a00047453enw.pdf,True,True,OK,
HPE ProLiant Compute DL384 Gen12 QuickSpecs_20260522113110.pdf,True,True,OK,
HPE ProLiant Compute DL384 Gen12 data sheet-PSN1014835194WWEN.pdf,True,True,OK,
HPE ProLiant Compute DL580 Gen12 QuickSpecs_20260522113005.pdf,True,True,OK,
HPE ProLiant Compute ML350 Gen12 QuickSpecs_20260522113002.pdf,True,True,OK,
HPE ProLiant Compute XD230 QuickSpecs_20260522113026.pdf,True,True,OK,
HPE ProLiant Compute XD680 QuickSpecs_20260522113212.pdf,True,True,OK,
HPE ProLiant Compute XD685 QuickSpecs_20260522113043.pdf,True,True,OK,
HPE ProLiant DL110 Gen10 Plus - Carrier Grade Supplement QuickSpecs_20260522113211.pdf,True,True,OK,
HPE ProLiant DL110 Gen10 Plus Telco server a50002566enw.pdf,True,True,OK,
HPE ProLiant DL110 Gen11 - Carrier Grade Supplement QuickSpecs_20260522113135.pdf,True,True,OK,
HPE ProLiant DL110 Gen11 QuickSpecs_20260522113008.pdf,True,True,OK,
HPE ProLiant DL120 Generation9 (Gen9) North America version c04447808.pdf,True,True,OK,
HPE ProLiant DL120 Generation9 Gen9 QuickSpecs_20260522113603.pdf,True,True,OK,
HPE ProLiant DL145 Gen11 QuickSpecs_20260522113059.pdf,True,True,OK,
HPE ProLiant DL160 Gen10 Server a00021860enw.pdf,True,True,OK,
HPE ProLiant DL160 Generation 8 (Gen8) c04123162.pdf,True,True,OK,
HPE ProLiant DL160 Generation9 (Gen9) North America version c04375607.pdf,True,True,OK,
HPE ProLiant DL160 Generation9 Gen9 QuickSpecs_20260522113321.pdf,True,True,OK,
HPE ProLiant DL180 Gen10 Server a00021862enw.pdf,True,True,OK,
HPE ProLiant DL180 Generation9 (Gen9) North America version c04375610.pdf,True,True,OK,
HPE ProLiant DL180 Generation9 Gen9 QuickSpecs_20260522113446.pdf,True,True,OK,
HPE ProLiant DL20 Gen10 Plus server a50002583enw.pdf,True,True,OK,
HPE ProLiant DL20 Gen10 Server a00053820enw.pdf,True,True,OK,
HPE ProLiant DL20 Gen11 a50007009enw.pdf,True,True,OK,
HPE ProLiant DL320 Gen11 a50004315enw.pdf,True,True,OK,
HPE ProLiant DL320e Generation 8 (Gen8) v2 North America version c04128107.pdf,True,True,OK,
HPE ProLiant DL320e Generation 8 (Gen8) v2 c04123146.pdf,True,True,OK,
HPE ProLiant DL325 Gen10 Plus Server QuickSpecs_20260522113513.pdf,True,True,OK,
HPE ProLiant DL325 Gen10 Plus v2 server a50002564enw.pdf,True,True,OK,
HPE ProLiant DL325 Gen10 Server QuickSpecs_20260522113412.pdf,True,True,OK,
HPE ProLiant DL325 Gen11 a50004297enw.pdf,True,True,OK,
HPE ProLiant DL345 Gen10 Plus server a50002557enw.pdf,True,True,OK,
HPE ProLiant DL345 Gen11 a50004298enw.pdf,True,True,OK,
HPE ProLiant DL360 Gen10 Plus Carrier Grade Supplement a50004310enw.pdf,True,True,OK,
HPE ProLiant DL360 Gen10 Plus server QuickSpecs_20260522113154.pdf,True,True,OK,
HPE ProLiant DL360 Gen10 Server a00008159enw.pdf,True,True,OK,
HPE ProLiant DL360 Gen11 Carrier Grade Supplement a50007021enw.pdf,True,True,OK,
HPE ProLiant DL360 Gen11 a50004306enw.pdf,True,True,OK,
HPE ProLiant DL360 Gen9 Server QuickSpecs_20260522113714.pdf,True,True,OK,
HPE ProLiant DL360 Generation9 (Gen9) Carrier Grade Supplement c04772926.pdf,True,True,OK,
HPE ProLiant DL365 Gen10 Plus - Carrier Grade Supplement QuickSpecs_20260522113845.pdf,True,True,OK,
HPE ProLiant DL365 Gen10 Plus server QuickSpecs_20260522113153.pdf,True,True,OK,
HPE ProLiant DL365 Gen11 a50004299enw.pdf,True,True,OK,
HPE ProLiant DL380 Gen10 Carrier Grade Server QuickSpecs_20260522113747.pdf,True,True,OK,
HPE ProLiant DL380 Gen10 Plus Carrier Grade Supplement a50004314enw.pdf,True,True,OK,
HPE ProLiant DL380 Gen10 Plus Server QuickSpecs_20260522112959.pdf,True,True,OK,
HPE ProLiant DL380 Gen10 Server QuickSpecs_20260522113142.pdf,True,True,OK,
HPE ProLiant DL380 Gen11 - Carrier Grade Supplement QuickSpecs_20260522113130.pdf,True,True,OK,
HPE ProLiant DL380 Gen11 a50004307enw.pdf,True,True,OK,
HPE ProLiant DL380 Gen9 Server QuickSpecs_20260522113818.pdf,True,True,OK,
HPE ProLiant DL380 Generation9 (Gen9) Carrier Grade Supplement c04772942.pdf,True,True,OK,
HPE ProLiant DL380a Gen11 a50004309enw.pdf,True,True,OK,
HPE ProLiant DL385 Gen10 Plus Server QuickSpecs_20260522113408.pdf,True,True,OK,
HPE ProLiant DL385 Gen10 Plus v2 Carrier Grade Supplement a50004296enw.pdf,True,True,OK,
HPE ProLiant DL385 Gen10 Plus v2 server a50002560enw.pdf,True,True,OK,
HPE ProLiant DL385 Gen10 Server North America version a00026913enus.pdf,True,True,OK,
HPE ProLiant DL385 Gen10 Server a00026913enw.pdf,True,True,OK,
HPE ProLiant DL385 Gen11 a50004300enw.pdf,True,True,OK,
HPE ProLiant DL385p Generation 8 (Gen8)-c04222529.pdf,True,True,OK,
HPE ProLiant DL560 Gen10 Server QuickSpecs_20260522113741.pdf,True,True,OK,
HPE ProLiant DL560 Gen11 QuickSpecs_20260522113006.pdf,True,True,OK,
HPE ProLiant DL560 Gen8  North America version QuickSpecs_20260522113315.pdf,True,True,OK,
HPE ProLiant DL560 Gen8 QuickSpecs_20260522113319.pdf,True,True,OK,
HPE ProLiant DL560 Generation9 (Gen9) c04601214.pdf,True,True,OK,
HPE ProLiant DL560 Generation9 Gen9 â North America version QuickSpecs_20260522113318.pdf,True,True,OK,
HPE ProLiant DL580 Gen10 Server QuickSpecs_20260522113514.pdf,True,True,OK,
HPE ProLiant DL580 Gen8 North America version c04199329.pdf,True,True,OK,
HPE ProLiant DL580 Gen8 c04200246.pdf,True,True,OK,
HPE ProLiant DL60 Generation9 (Gen9) c04447824.pdf,True,True,OK,
HPE ProLiant DL80 Generation9 Gen9 QuickSpecs_20260522113253.pdf,True,True,OK,
HPE ProLiant DX170r Gen10 Server a00073561enw.pdf,True,True,OK,
HPE ProLiant DX190r Gen10 Server a00073752enw.pdf,True,True,OK,
HPE ProLiant DX320 Gen11 QuickSpecs_20260522113019.pdf,True,True,OK,
HPE ProLiant DX360 Gen10 Plus server a50002577enw.pdf,True,True,OK,
HPE ProLiant DX360 Gen10 Server a00073753enw.pdf,True,True,OK,
HPE ProLiant DX360 Gen11 QuickSpecs_20260522113020.pdf,True,True,OK,
HPE ProLiant DX365 Gen11 a50006975enw.pdf,True,True,OK,
HPE ProLiant DX380 Gen10 Plus server a50002578enw.pdf,True,True,OK,
HPE ProLiant DX380 Gen10 Server QuickSpecs_20260522113805.pdf,True,True,OK,
HPE ProLiant DX380 Gen11 QuickSpecs_20260522113022.pdf,True,True,OK,
HPE ProLiant DX380a Gen11 a50007024enw.pdf,True,True,OK,
HPE ProLiant DX385 Gen10 Plus Server a00056112enw.pdf,True,True,OK,
HPE ProLiant DX385 Gen11 QuickSpecs_20260522113016.pdf,True,True,OK,
HPE ProLiant DX4120 Gen11 a50007025enw.pdf,True,True,OK,
HPE ProLiant DX4200 Gen10 server a00073547enw.pdf,True,True,OK,
HPE ProLiant DX560 Gen10 Server a00073550enw.pdf,True,True,OK,
HPE ProLiant DX560 Gen11 QuickSpecs_20260522113013.pdf,True,True,OK,
HPE ProLiant DX910 Server Blade QuickSpecs_20260522113619.pdf,True,True,OK,
HPE ProLiant Easy Connect Managed Hybrid Servers  North America version QuickSpecs_20260522113447.pdf,True,True,OK,
HPE ProLiant Easy Connect Managed Hybrid Servers QuickSpecs_20260522113404.pdf,True,True,OK,
HPE ProLiant ML10 Generation9 (Gen9) North America version c04922962.pdf,True,True,OK,
HPE ProLiant ML10 Generation9 Gen9 QuickSpecs_20260522113217.pdf,True,True,OK,
HPE ProLiant ML10 v2 Server North America version c04567802.pdf,True,True,OK,
HPE ProLiant ML10 v2 Server c04567801.pdf,True,True,OK,
HPE ProLiant ML110 Gen10 Server a00021851enw.pdf,True,True,OK,
HPE ProLiant ML110 Gen11 QuickSpecs_20260522113108.pdf,True,True,OK,
HPE ProLiant ML110 Generation9 (Gen9) North America version c04545445.pdf,True,True,OK,
HPE ProLiant ML110 Generation9 (Gen9) c04545452.pdf,True,True,OK,
HPE ProLiant ML150 Generation9 (Gen9) North America version c04447841.pdf,True,True,OK,
HPE ProLiant ML150 Generation9 (Gen9) c04447843.pdf,True,True,OK,
HPE ProLiant ML30 Gen10 Plus server a50002590enw.pdf,True,True,OK,
HPE ProLiant ML30 Gen10 Server a00053821enw.pdf,True,True,OK,
HPE ProLiant ML30 Gen11 QuickSpecs_20260522113125.pdf,True,True,OK,
HPE ProLiant ML30 Gen9 Server c04834991.pdf,True,True,OK,
HPE ProLiant ML310e Generation 8 (Gen8) v2 North America version c04128133.pdf,True,True,OK,
HPE ProLiant ML310e Generation 8 (Gen8) v2 c04123183.pdf,True,True,OK,
HPE ProLiant ML350 Gen10 Server QuickSpecs_20260522113156.pdf,True,True,OK,
HPE ProLiant ML350 Gen10 Server â North America version QuickSpecs_20260522113831.pdf,True,True,OK,
HPE ProLiant ML350 Gen11 a50004308enw.pdf,True,True,OK,
HPE ProLiant ML350 Generation9 Gen9 QuickSpecs_20260522113249.pdf,True,True,OK,
HPE ProLiant ML350 Generation9 Gen9 â North America version QuickSpecs_20260522113356.pdf,True,True,OK,
HPE ProLiant MicroServer Gen10 Plus QuickSpecs_20260522113151.pdf,True,True,OK,
HPE ProLiant MicroServer Gen10 Plus v2 QuickSpecs_20260522113148.pdf,True,True,OK,
HPE ProLiant MicroServer Gen10 a00008701enw.pdf,False,True,REVIEW_DESCRIPTION_ONLY,"Processor description text found, but no short model code could be parsed from it (common for older pre-2010 QuickSpecs that describe processors in prose, e.g. 'Intel Xeon 3.0 GHz processor standard', with no distinct model number). Description is available; processor short-code is not."
HPE ProLiant MicroServer Gen11 a50007028enw.pdf,True,True,OK,
HPE ProLiant MicroServer Generation 8 (Gen8) c04123182.pdf,True,True,OK,
HPE ProLiant RL300 Gen11 QuickSpecs_20260522113140.pdf,True,True,OK,
HPE ProLiant SL270s Generation 8 (Gen8) c04123204.pdf,True,True,OK,
HPE ProLiant WS460c Gen8 Graphics Server Blade North America version c04128153.pdf,True,True,OK,
HPE ProLiant WS460c Gen8 Graphics Server Blade c04123202.pdf,True,True,OK,
HPE ProLiant XL170r Gen10 Server a00022816enw.pdf,True,True,OK,
HPE ProLiant XL170r Gen9 Server QuickSpecs_20260522113858.pdf,True,True,OK,
HPE ProLiant XL190r Gen10 Server QuickSpecs_20260522113434.pdf,True,True,OK,
HPE ProLiant XL190r Gen9 Server QuickSpecs_20260522113557.pdf,True,True,OK,
HPE ProLiant XL230a Gen9 Server QuickSpecs_20260522113328.pdf,True,True,OK,
HPE ProLiant XL230k Gen10 Server QuickSpecs_20260522113751.pdf,True,True,OK,
HPE ProLiant XL250a Gen9 Server QuickSpecs_20260522113322.pdf,True,True,OK,
HPE ProLiant XL260a Gen9 Server c05211228.pdf,True,True,OK,
HPE ProLiant XL2x260w Server QuickSpecs_20260522113539.pdf,True,True,OK,
HPE ProLiant XL730f Gen9 Server c04390758.pdf,True,True,OK,
HPE ProLiant XL740f Server QuickSpecs_20260522113843.pdf,True,True,OK,
HPE ProLiant XL750f Gen9 Server c04384069.pdf,True,True,OK,
HPE ProLiant e910 Server Blade a00067735enw.pdf,True,True,OK,
HPE ProLiant e910t Server Blade a00073756enw.pdf,True,True,OK,
HPE Proliant BL460c Gen10 Server Blade QuickSpecs_20260522113519.pdf,True,True,OK,
HPE SGI 8600 System a00016640enw.pdf,False,True,REVIEW_DESCRIPTION_ONLY,"Processor description text found, but no short model code could be parsed from it (common for older pre-2010 QuickSpecs that describe processors in prose, e.g. 'Intel Xeon 3.0 GHz processor standard', with no distinct model number). Description is available; processor short-code is not."
HPE Superdome Flex 280 Server a00059763enw.pdf,True,True,OK,
HPE Superdome Flex QuickSpecs_20260522113112.pdf,True,True,OK,
HPE Superdome Flex Solutions for SAP HANA QuickSpecs_20260522113048.pdf,False,True,REVIEW_DESCRIPTION_ONLY,"Processor description text found, but no short model code could be parsed from it (common for older pre-2010 QuickSpecs that describe processors in prose, e.g. 'Intel Xeon 3.0 GHz processor standard', with no distinct model number). Description is available; processor short-code is not."
HPE Synergy 10Gb Interconnect Link Module c04815110.pdf,False,False,NOT_A_COMPUTE_PRODUCT,"No processor-related keyword found anywhere in document (likely a storage/networking/switch product with no CPU section) - expected, not a defect."
HPE Synergy 12000 Frame - Carrier Grade Supplement QuickSpecs_20260522113828.pdf,False,False,NOT_A_COMPUTE_PRODUCT,"No processor-related keyword found anywhere in document (likely a storage/networking/switch product with no CPU section) - expected, not a defect."
HPE Synergy 12000 Frame c04815113.pdf,False,False,REVIEW_NO_STRUCTURED_MATCH,Document mentions processor/CPU-family keywords but no line matched the structured description pattern (part number / GHz / family name). Needs manual check - may be a new/unhandled text format.
HPE Synergy 12Gb SAS Connection Module c04815081.pdf,False,False,NOT_A_COMPUTE_PRODUCT,"No processor-related keyword found anywhere in document (likely a storage/networking/switch product with no CPU section) - expected, not a defect."
HPE Synergy 20Gb Interconnect Link Module c04815119.pdf,False,False,NOT_A_COMPUTE_PRODUCT,"No processor-related keyword found anywhere in document (likely a storage/networking/switch product with no CPU section) - expected, not a defect."
HPE Synergy 40Gb F8 Switch Module c04815127.pdf,False,False,NOT_A_COMPUTE_PRODUCT,"No processor-related keyword found anywhere in document (likely a storage/networking/switch product with no CPU section) - expected, not a defect."
HPE Synergy 480 Gen10 Compute Module a00008520enw.pdf,True,True,OK,
HPE Synergy 480 Gen10 Plus Compute Module  Carrier Grade Supplement QuickSpecs_20260522113734.pdf,True,True,OK,
HPE Synergy 480 Gen10 Plus Compute Module a50002575enw.pdf,True,True,OK,
HPE Synergy 480 Gen10 Plus Graphics Accelerators a00016718enw.pdf,False,False,REVIEW_NO_STRUCTURED_MATCH,Document mentions processor/CPU-family keywords but no line matched the structured description pattern (part number / GHz / family name). Needs manual check - may be a new/unhandled text format.
HPE Synergy 480 Gen11 Compute Module a50006980enw.pdf,True,True,OK,
HPE Synergy 480 Gen12 Compute Module QuickSpecs_20260522113033.pdf,True,True,OK,
HPE Synergy 480 Gen9 Compute Module QuickSpecs_20260522113853.pdf,True,True,OK,
HPE Synergy 50Gb Interconnect Link Module a00067743enw.pdf,False,False,NOT_A_COMPUTE_PRODUCT,"No processor-related keyword found anywhere in document (likely a storage/networking/switch product with no CPU section) - expected, not a defect."
HPE Synergy 620 Gen9 Compute Module c04866529.pdf,True,True,OK,
HPE Synergy 660 Gen10 Compute Module Carrier Grade Supplement a00045232enw.pdf,True,True,OK,
HPE Synergy 660 Gen10 Compute Module QuickSpecs_20260522113240.pdf,True,True,OK,
HPE Synergy 660 Gen9 Compute Module c04815136.pdf,True,True,OK,
HPE Synergy 680 Gen9 Compute Module c04866541.pdf,True,True,OK,
HPE Synergy Composer c04815139.pdf,False,False,REVIEW_NO_STRUCTURED_MATCH,Document mentions processor/CPU-family keywords but no line matched the structured description pattern (part number / GHz / family name). Needs manual check - may be a new/unhandled text format.
HPE Synergy D3940 Storage Module c04815141.pdf,False,False,NOT_A_COMPUTE_PRODUCT,"No processor-related keyword found anywhere in document (likely a storage/networking/switch product with no CPU section) - expected, not a defect."
HPE Synergy Frame Link Module a00030303enw.pdf,False,False,REVIEW_NO_STRUCTURED_MATCH,Document mentions processor/CPU-family keywords but no line matched the structured description pattern (part number / GHz / family name). Needs manual check - may be a new/unhandled text format.
HPE Synergy Graphics Accelerator Options a00000611enw.pdf,False,False,NOT_A_COMPUTE_PRODUCT,"No processor-related keyword found anywhere in document (likely a storage/networking/switch product with no CPU section) - expected, not a defect."
HPE Synergy Image Streamer c04815217.pdf,False,False,NOT_A_COMPUTE_PRODUCT,"No processor-related keyword found anywhere in document (likely a storage/networking/switch product with no CPU section) - expected, not a defect."
HPE Synergy Interconnect Link Cable c04815247.pdf,False,False,NOT_A_COMPUTE_PRODUCT,"No processor-related keyword found anywhere in document (likely a storage/networking/switch product with no CPU section) - expected, not a defect."
HPE Synergy Virtual Connect SE 32Gb FC Module a00059758enw.pdf,False,False,NOT_A_COMPUTE_PRODUCT,"No processor-related keyword found anywhere in document (likely a storage/networking/switch product with no CPU section) - expected, not a defect."
HPE Virtual Connect SE 100Gb F32 Module for Synergy a00067745enw.pdf,False,False,NOT_A_COMPUTE_PRODUCT,"No processor-related keyword found anywhere in document (likely a storage/networking/switch product with no CPU section) - expected, not a defect."
HPE Virtual Connect SE 16Gb FC Module for HPE Synergy c04815256.pdf,False,False,NOT_A_COMPUTE_PRODUCT,"No processor-related keyword found anywhere in document (likely a storage/networking/switch product with no CPU section) - expected, not a defect."
HPE Virtual Connect SE 40Gb F8 Module for HPE Synergy c04815258.pdf,False,False,NOT_A_COMPUTE_PRODUCT,"No processor-related keyword found anywhere in document (likely a storage/networking/switch product with no CPU section) - expected, not a defect."
Mellanox SH2200 Switch Module for HPE Synergy a00008519enw.pdf,False,False,NOT_A_COMPUTE_PRODUCT,"No processor-related keyword found anywhere in document (likely a storage/networking/switch product with no CPU section) - expected, not a defect."
NVIDIA GB200 NVL72 by HPE QuickSpecs_20260522113124.pdf,True,True,OK,
NVIDIA GB300 NVL72 by HPE QuickSpecs_20260522113122.pdf,True,True,OK,
ProLiant Cluster Kit with OpenView Storage Mirroring c04283162.pdf,False,False,NOT_A_COMPUTE_PRODUCT,"No processor-related keyword found anywhere in document (likely a storage/networking/switch product with no CPU section) - expected, not a defect."
ProLiant Cluster Starter Kit c04283163.pdf,False,False,NOT_A_COMPUTE_PRODUCT,"No processor-related keyword found anywhere in document (likely a storage/networking/switch product with no CPU section) - expected, not a defect."
StorageWorks Rapid Restore and Non Disruptive Backup for Telecom Billing  SchlumbergerSema c04283880.pdf,False,True,REVIEW_DESCRIPTION_ONLY,"Processor description text found, but no short model code could be parsed from it (common for older pre-2010 QuickSpecs that describe processors in prose, e.g. 'Intel Xeon 3.0 GHz processor standard', with no distinct model number). Description is available; processor short-code is not."
Ultra160 Single Channel and Dual Channel SCSI Adapters for HP Integrity Servers and Workstations c04284047.pdf,False,True,REVIEW_DESCRIPTION_ONLY,"Processor description text found, but no short model code could be parsed from it (common for older pre-2010 QuickSpecs that describe processors in prose, e.g. 'Intel Xeon 3.0 GHz processor standard', with no distinct model number). Description is available; processor short-code is not."
hp AlphaServer GS80 (1001 MHz) c04282778.pdf,True,True,OK,
